Property,Property Score,Unit Type,Location,Date Posted,Monthly Rent
The Overlook at Shadyside,,Two Bedroom Apartment Home,"Alpharetta, GA",3d,"$1,400 - $1,825 (Landlord est.)"
Brookside Manor,3.2,2BD/2BA,"Birmingham, AL",30d+,"$1,200 - $1,750 (Landlord est.)"
Silverleaf Apartments,2.7,Studio (Utilities Included),"Seattle, WA",4d,"$1,300 - $1,650 (Landlord est.)"
The Fairmount,4.7,3 Bedroom Townhouse,"State College, PA",2d,"$1,750 - $2,200 (Landlord est.)"
Station Square Residences,,1 Bedroom Apartment,"Farmington Hills, MI",26d,"$950 - $1,300 (RentPulse est.)"
The Merchant Lofts,3.7,Two Bedroom / Two Bath,"Bloomington, IN",18d,"$1,175 - $1,675 (Landlord est.)"
The Marigold,3.1,Studio / Open Floor Plan,"Spokane, WA",6d,$825 - $900 (RentPulse est.)
"Lakeview Commons, Phase II",3.5,3 Bed / 2 Bath - Garage Included,"Reno, NV",9d,"$1,925 - $2,700 (Landlord est.)"
Barrett Square Apartments,3.7,Two Bedroom / Two Bath,"New Orleans, LA",14d,"$1,200 - $1,600 (Landlord est.)"
The Landmark at Midtown,4.7,1BR/1BA,"San Francisco, CA",10d,"$1,725 - $2,350 (Landlord est.)"
Harborview Commons,3.4,Micro Studio,"Charlotte, NC",30d+,"$975 - $1,425 (RentPulse est.)"
"Pinnacle Living, Inc.",4.1,1BR,Greater Boston Area,5d,"$1,725 - $2,275 (RentPulse est.)"
The Marigold,4.1,Four Bedroom,Northern Virginia,4d,"$2,750 - $3,525 (RentPulse est.)"
The Coventry,4.9,1BR/1BA,"State College, PA",2d,"$975 - $1,225 (RentPulse est.)"
Sycamore Court,3.9,3 Bed / 2 Bath - Garage Included,"Dallas, TX",2d,"$1,675 - $2,150 (Landlord est.)"
Prospect Point Flats,2.4,1 Bed / 1 Bath + Den,"Erie, PA",9d,$750 - $825 (Landlord est.)
The Ardmore,2.7,Two Bedroom / Two Bath,"Portland, OR",1d,"$1,600 - $2,250 (RentPulse est.)"
Emerald Bay Apartments,3.2,"Three Bed, Two Bath","Colorado Springs, CO",2d,"$2,000 - $2,650 (RentPulse est.)"
Sunset Ridge Apartments,4.0,Two Bedroom / Two Bath,"Portland, OR",2d,"$1,825 - $2,625 (Landlord est.)"
"The Yards at Ohio River, Tower A",2.9,1BR,"Pittsburgh, PA",9d,"$1,075 - $1,500 (Landlord est.)"
"Pinnacle Living, Inc.",4.3,2 Bed / 1 Bath,,30d+,"$2,625 - $3,575 (Landlord est.)"
Quarry Hill Apartments,4.0,4BR/4BA (Per Bed Lease),"Madison, WI",10d,"$1,825 - $2,375 (Landlord est.)"
Cedar Ridge Village,2.9,"Two Bed, Two Bath (Top Floor)","Athens, GA",30d+,"$1,025 - $1,400 (RentPulse est.)"
The Paxton,4.0,1 Bed / 1 Bath + Den,"Alpharetta, GA",30d+,"$1,350 - $1,575 (Landlord est.)"
Granite Falls Apartments,2.4,One Bedroom Apartment Home,"Richmond, VA",3d,
The Alder,2.8,Studio Loft,"Fort Wayne, IN",4d,$650 - $925 (RentPulse est.)
Highland Row,3.1,1 Bedroom Apartment,"Sacramento, CA",9d,"$1,525 - $1,725 (Landlord est.)"
The Juniper,2.7,One Bedroom Townhome,"Des Moines, IA",30d+,"$925 - $1,125 (Landlord est.)"
The Overlook at Shadyside,3.5,Two Bedroom Apartment Home,"Reno, NV",7d,"$1,500 - $1,775 (RentPulse est.)"
"Hartwell Properties, Inc.",3.3,Two Bedroom Apartment Home,"Salt Lake City, UT",30d+,"$1,575 - $2,275 (RentPulse est.)"
Highland Row,4.2,2BD/2BA,"Indianapolis, IN",5d,"$1,275 - $1,500 (Landlord est.)"
The Hadley,3.1,3 Bed / 2.5 Bath,"Chattanooga, TN",30d+,"$1,325 - $1,800 (RentPulse est.)"
Willow Creek Apartments,4.0,3 bed 2 bath,"Omaha, NE",30d+,
Chestnut Hill Commons,4.0,"Three Bed, Two Bath","Phoenix, AZ",2d,"$1,850 - $2,175 (Landlord est.)"
Willow Creek Apartments,,1 Bed/1 Bath (Corner Unit),"Wichita, KS",12d,"$875 - $1,300 (Landlord est.)"
The Landmark at Midtown,,One Bedroom Apartment Home,"Hartford, CT",7d,"$1,250 - $1,675 (Landlord est.)"
Granite Falls Apartments,3.4,Five Bedroom House,"Cary, NC",10d,"$2,025 - $2,825 (Landlord est.)"
Cypress Creek Village,3.8,4 bed 2 bath,"Memphis, TN",5d,"$1,700 - $2,500 (RentPulse est.)"
Foxwood Crossing,4.1,2 Bedroom Apartment,Research Triangle,4d,"$1,625 - $2,200 (RentPulse est.)"
Rosewood Terrace,3.7,Junior Studio,"Boston, MA",2d,"$1,600 - $2,225 (RentPulse est.)"
"Pinnacle Living, Inc.",3.5,Three Bedroom Townhome,"Reno, NV",30d+,
The Hollis,4.9,3 Bedroom Townhouse,"Colorado Springs, CO",5d,"$1,625 - $1,975 (RentPulse est.)"
Granite Falls Apartments,3.9,2 Bed / 2 Bath - Renovated,"Tampa, FL",1d,"$1,675 - $2,325 (RentPulse est.)"
Oakhaven Apartments,4.4,2 bed 2 bath,"Erie, PA",2d,"$925 - $1,175 (Landlord est.)"
"The Grove at Erie, Building C",3.4,1 Bed / 1 Bath,"New Orleans, LA",30d+,"$925 - $1,050 (RentPulse est.)"
Mill District Lofts,3.9,2 Bedroom Apartment,"Des Moines, IA",13d,"$1,300 - $1,575 (Landlord est.)"
"Beacon Residential Group, LLC",2.4,2 Bedroom Townhome,"Cary, NC",11d,"$1,425 - $1,925 (RentPulse est.)"
Ironworks Lofts,3.8,2 Bed / 1.5 Bath,"New Orleans, LA",5d,"$1,525 - $1,750 (RentPulse est.)"
Northgate Apartment Homes,4.4,Two Bedroom,"St. Louis, MO",18d,"$1,050 - $1,425 (Landlord est.)"
The Marigold,2.5,One Bedroom Apartment Home,"Erie, PA",24d,"$875 - $1,025 (Landlord est.)"
Mill District Lofts,4.6,TWO BEDROOM,"Bakersfield, CA",11d,"$1,300 - $1,675 (Landlord est.)"
Ironworks Lofts,3.6,2 Bedroom - Washer/Dryer in Unit,"Columbus, OH",18d,"$1,425 - $2,000 (RentPulse est.)"
Parkview Terrace,3.5,1BR/1BA,"Charlotte, NC",30d+,"$1,100 - $1,300 (RentPulse est.)"
Riverbend Lofts,3.2,3 Bed / 2.5 Bath,"Tucson, AZ",30d+,"$1,325 - $1,525 (RentPulse est.)"
The Whitmore,3.3,2BR/2BA,"Akron, OH",5d,"$1,000 - $1,300 (Landlord est.)"
The Juniper,,"Three Bed, Two Bath","Athens, GA",6d,
Waterford Place,4.4,3 bed 2 bath,"St. Louis, MO",3d,"$1,400 - $1,825 (Landlord est.)"
Greenway Crossing,3.9,One Bedroom / One Bath,"Little Rock, AR",12d,"$750 - $1,000 (Landlord est.)"
Brightwater Flats,4.2,3 Bedroom Townhouse,"Washington, DC",13d,"$2,875 - $3,325 (Landlord est.)"
Granite Falls Apartments,4.6,1 Bedroom Loft,"Indianapolis, IN",30d+,"$950 - $1,225 (RentPulse est.)"
Brightwater Flats,3.6,1BD/1BA,"Charlotte, NC",3d,"$1,225 - $1,625 (Landlord est.)"
Chestnut Hill Commons,4.0,2 Bed / 2 Bath - Renovated,"Bakersfield, CA",3d,"$1,450 - $1,900 (Landlord est.)"
The Landmark at Midtown,3.4,3 Bedroom Townhouse,,11d,"$1,950 - $2,200 (RentPulse est.)"
The Merchant Lofts,,1BR/1BA,"Providence, RI",4d,"$1,200 - $1,475 (RentPulse est.)"
Ironworks Lofts,2.9,Three Bedroom,"Dallas, TX",2d,"$2,075 - $2,825 (RentPulse est.)"
The Tessera,4.4,3 bed 2 bath,"Manassas, VA",1d,"$2,400 - $2,775 (Landlord est.)"
Brookside Manor,3.5,2BR/1BA,"Columbus, OH",5d,"$1,325 - $1,750 (RentPulse est.)"
Riverbend Lofts,4.7,"One Bed, One Bath","Fresno, CA",24d,"$1,050 - $1,425 (Landlord est.)"
Vintage Brick Lofts,2.7,1BR/1BA,"Orlando, FL",2d,
Maple Grove Commons,2.8,"Two Bed, Two Bath (Top Floor)","Denver, CO",30d+,"$1,875 - $2,600 (Landlord est.)"
Verdant Square,4.1,One Bedroom Apartment Home,"Minneapolis, MN",11d,"$1,000 - $1,100 (Landlord est.)"
"Pinnacle Living, Inc.",4.8,One Bedroom / One Bath,"Dayton, OH",3d,"$900 - $1,100 (Landlord est.)"
Granite Falls Apartments,2.4,2 Bedroom Apartment,"Nashville, TN",6d,"$1,575 - $1,775 (Landlord est.)"
Oakhaven Apartments,4.0,1 Bed/1 Bath (Corner Unit),"Reno, NV",12d,
Copperfield Commons,2.5,2BR/2BA,"Miami, FL",12d,"$1,750 - $2,550 (Landlord est.)"
The Ardmore,2.8,2 Bedroom Duplex,"Erie, PA",2d,"$950 - $1,300 (Landlord est.)"
The Ashford,4.1,4BR/2BA,"Fresno, CA",12d,"$1,800 - $2,325 (Landlord est.)"
The Hadley,3.0,1 Bed / 1 Bath,"Athens, GA",30d+,"$975 - $1,225 (RentPulse est.)"
Northgate Apartment Homes,3.7,3 bed 2 bath,"Chattanooga, TN",24d,"$1,275 - $1,700 (RentPulse est.)"
The Carlisle,3.1,1 Bedroom Garden Level,"St. Louis, MO",10d,"$1,025 - $1,325 (RentPulse est.)"
The Coventry,3.0,3 bed 2 bath,"Wichita, KS",4d,"$1,275 - $1,725 (Landlord est.)"
The Hollis,4.4,2BD/2BA,"Tucson, AZ",2d,"$1,300 - $1,900 (RentPulse est.)"
The Hadley,3.4,2 Bed / 2 Bath,Dallas-Fort Worth,4d,"$1,700 - $1,975 (RentPulse est.)"
The Rowan,4.0,"One Bed, One Bath","Omaha, NE",1d,"$800 - $1,000 (RentPulse est.)"
Emerald Bay Apartments,4.5,1BR,"Colorado Springs, CO",30d+,"$1,175 - $1,600 (Landlord est.)"
The Whitmore,4.1,1 Bed / 1 Bath,"Chicago, IL",5d,
Barrett Square Apartments,3.0,One Bedroom,"Wichita, KS",10d,"$900 - $1,050 (Landlord est.)"
"The Yards at Ohio River, Tower A",2.4,Studio (Utilities Included),"Aguadilla, PR",10d,$575 - $750 (Landlord est.)
Sunset Ridge Apartments,3.3,Five Bedroom House,"Memphis, TN",30d+,"$1,500 - $2,075 (Landlord est.)"
"Pinnacle Living, Inc.",3.0,"One Bed, One Bath","Richmond, VA",3d,"$1,075 - $1,375 (Landlord est.)"
Sycamore Court,3.3,3 bed 2 bath,Minneapolis-Saint Paul,4d,"$1,750 - $2,000 (Landlord est.)"
The Ashford,2.6,2BD/2BA,"Salt Lake City, UT",5d,"$1,325 - $1,925 (Landlord est.)"
Birchwood Estates,3.3,1 Bed / 1.5 Bath,"Colorado Springs, CO",30d+,"$1,025 - $1,350 (RentPulse est.)"
The Beacon on Main,4.6,3 Bedroom Apartment,"Memphis, TN",7d,"$1,475 - $1,950 (Landlord est.)"
"Lakeview Commons, Phase II",,2 bed 2 bath,"Seattle, WA",2d,"$1,975 - $2,625 (RentPulse est.)"
Rosewood Terrace,4.1,1 Bedroom Garden Level,"Dallas, TX",30d+,"$1,025 - $1,300 (Landlord est.)"
The Beacon on Main,4.0,1 Bedroom Apartment,"Cleveland, OH",2d,"$950 - $1,150 (Landlord est.)"
Northgate Apartment Homes,4.4,2 Bedroom Townhome,Minneapolis-Saint Paul,30d+,"$1,300 - $1,725 (Landlord est.)"
Brookside Manor,,Three Bedroom,"Albuquerque, NM",3d,"$1,325 - $1,625 (RentPulse est.)"
Ironworks Lofts,,Two Bedroom / Two Bath,"State College, PA",28d,"$1,350 - $1,925 (RentPulse est.)"
Meridian Court,,One Bedroom Apartment Home,"New York, NY",30d+,"$2,050 - $3,000 (RentPulse est.)"
Hawthorne Place,3.0,Three Bedroom Townhome,"San Francisco, CA",1d,"$3,525 - $5,075 (Landlord est.)"
The Paxton,,2BR/2BA,"Farmington Hills, MI",2d,"$1,150 - $1,525 (RentPulse est.)"
Granite Falls Apartments,2.8,2 Bedroom Townhome,"Kansas City, MO",30d+,"$1,175 - $1,350 (RentPulse est.)"
The Bellamy,4.3,1BR/1BA,"Ithaca, NY",12d,
The Windermere,2.3,2BR,"Fresno, CA",3d,
"Hartwell Properties, Inc.",4.7,3 Bedroom Townhouse,"Phoenix, AZ",4d,"$1,950 - $2,625 (Landlord est.)"
Oakhaven Apartments,2.6,3 Bedroom Apartment,"Providence, RI",11d,
The Sterling,3.4,4 bed 2 bath,"Atlanta, GA",12d,"$2,700 - $3,675 (Landlord est.)"
Tanglewood Apartments,4.0,1 bed 1 bath,Minneapolis-Saint Paul,30d+,
Quarry Hill Apartments,4.1,Two Bedroom,"Dallas, TX",8d,"$1,700 - $2,225 (RentPulse est.)"
Meridian Court,3.6,1 bed 1 bath,"Chicago, IL",30d+,
Cypress Creek Village,3.4,2 bed 2 bath,"Philadelphia, PA",2d,"$1,600 - $2,000 (RentPulse est.)"
Autumn Ridge Apartments,3.5,Four Bedroom,"Cleveland, OH",9d,
The Tessera,3.3,1 Bed / 1 Bath,"Philadelphia, PA",11d,"$1,200 - $1,750 (Landlord est.)"
Fieldstone Commons,3.8,1 Bed / 1 Bath,"Chattanooga, TN",11d,"$925 - $1,075 (Landlord est.)"
Quarry Hill Apartments,4.3,3 Bed / 2 Bath - Garage Included,"Spokane, WA",2d,"$1,575 - $1,875 (Landlord est.)"
Parkview Terrace,4.1,2 Bed / 1.5 Bath,"Atlanta, GA",11d,"$1,550 - $1,925 (RentPulse est.)"
"Hartwell Properties, Inc.",4.1,1BD/1BA,"Colorado Springs, CO",30d+,"$1,200 - $1,550 (Landlord est.)"
The Sterling,3.6,Two Bedroom,"Minneapolis, MN",6d,"$1,575 - $1,825 (Landlord est.)"
Riverbend Lofts,4.3,2 Bed / 1 Bath,"Raleigh, NC",4d,"$1,450 - $1,600 (Landlord est.)"
The Sterling,3.0,1BD/1BA,"Bloomington, IN",1d,$825 - $950 (Landlord est.)
Copperfield Commons,2.7,2 Bed / 2 Bath - Renovated,"Kansas City, MO",30d+,"$1,100 - $1,450 (RentPulse est.)"
The Larkspur,4.5,3BR/2BA,"Madison, WI",10d,"$1,800 - $2,600 (Landlord est.)"
The Windermere,3.4,2 bed 2 bath,Central New Jersey,2d,"$1,700 - $2,425 (Landlord est.)"
Arbor Lane Apartments,3.8,"2 Bed, 2 Bath, Den","Fresno, CA",5d,"$1,300 - $1,650 (RentPulse est.)"
The Dover,4.3,1 Bed/1 Bath (Corner Unit),"Memphis, TN",5d,"$900 - $1,150 (RentPulse est.)"
The Weatherby,3.1,Two Bedroom / Two Bath,"Austin, TX",18d,"$1,600 - $1,800 (RentPulse est.)"
The Merchant Lofts,3.5,3 bed 2 bath,"Austin, TX",2d,"$2,225 - $2,575 (RentPulse est.)"
The Hadley,2.4,One Bedroom Apartment Home,"Fort Wayne, IN",6d,$800 - $950 (Landlord est.)
Hawthorne Place,3.4,1BR/1BA,"Akron, OH",30d+,"$850 - $1,050 (Landlord est.)"
Lakeshore Landing,2.8,1BD/1BA,Central New Jersey,30d+,"$1,500 - $2,100 (Landlord est.)"
Fern Hollow Apartments,3.4,2BR,Greater Boston Area,1d,"$2,175 - $3,200 (Landlord est.)"
Hawthorne Place,,Two Bedroom / Two Bath,"Denver, CO",1d,"$1,775 - $2,475 (RentPulse est.)"
The Dover,3.3,Two Bedroom / Two Bath,"Los Angeles, CA",13d,"$2,175 - $2,500 (Landlord est.)"
The Bellamy,3.7,studio,"Washington, DC",2d,"$1,175 - $1,725 (Landlord est.)"
Thistlewood Commons,3.2,1 Bed / 1.5 Bath,"State College, PA",3d,"$1,050 - $1,550 (RentPulse est.)"
Mill District Lofts,3.0,2 Bed / 1.5 Bath,"Dallas, TX",30d+,"$1,475 - $1,675 (Landlord est.)"
Station Square Residences,3.9,One Bedroom / One Bath,"Toledo, OH",12d,$725 - $875 (Landlord est.)
Hawthorne Place,4.2,3 Bedroom House,"Nashville, TN",4d,"$2,150 - $3,175 (Landlord est.)"
The Overlook at Shadyside,3.0,1BD/1BA,"Akron, OH",7d,"$775 - $1,100 (RentPulse est.)"
The Juniper,3.0,2 Bed / 1.5 Bath,"Orlando, FL",20d,"$1,600 - $2,350 (RentPulse est.)"
"Beacon Residential Group, LLC",,3 bed 2 bath,,28d,"$1,350 - $1,700 (Landlord est.)"
"Lakeview Commons, Phase II",3.4,1BR/1BA,Lehigh Valley,30d+,"$925 - $1,250 (Landlord est.)"
Brightwater Flats,2.8,2 Bedroom - Washer/Dryer in Unit,"Buffalo, NY",14d,"$1,275 - $1,425 (Landlord est.)"
The Dover,4.4,2 Bed / 2 Bath - Renovated,"Austin, TX",9d,"$1,500 - $1,725 (RentPulse est.)"
"Lakeview Commons, Phase II",3.0,1BR,"Bloomington, IN",3d,"$875 - $1,200 (RentPulse est.)"
Quarry Hill Apartments,4.2,2 Bed / 2 Bath - Renovated,"Des Moines, IA",14d,"$1,025 - $1,125 (Landlord est.)"
Verdant Square,4.2,2 Bedroom Duplex,"Ann Arbor, MI",2d,"$1,450 - $1,925 (RentPulse est.)"
The Ashford,,1 Bedroom - Upgraded Finishes,"Tampa, FL",2d,"$1,300 - $1,875 (Landlord est.)"
Pebble Brook Village,3.3,1 Bed/1 Bath (Corner Unit),"Seattle, WA",30d+,"$1,425 - $1,950 (Landlord est.)"
Sycamore Court,4.5,3BR/2.5BA,"Richmond, VA",30d+,"$1,625 - $1,800 (RentPulse est.)"
Autumn Ridge Apartments,2.8,2 bed 2 bath,"Bakersfield, CA",4d,"$1,175 - $1,400 (Landlord est.)"
The Dover,3.7,Micro Studio,"Fresno, CA",2d,"$800 - $1,075 (RentPulse est.)"
Maple Grove Commons,3.2,3 Bedroom Townhouse,"San Jose, CA",30d+,"$3,225 - $4,675 (RentPulse est.)"
The Merchant Lofts,4.4,3 Bedroom House,"San Diego, CA",3d,"$2,775 - $4,000 (Landlord est.)"
Sycamore Court,4.2,4 bed 2 bath,"San Jose, CA",10d,"$3,625 - $4,975 (Landlord est.)"
Thistlewood Commons,,2 Bed / 2 Bath - Renovated,"State College, PA",2d,"$1,375 - $1,950 (Landlord est.)"
Sycamore Court,3.0,4 Bed / 2 Bath,"San Diego, CA",2d,"$3,275 - $3,700 (RentPulse est.)"
Oakhaven Apartments,,4 Bed / 2 Bath,"New Orleans, LA",13d,"$2,225 - $2,550 (RentPulse est.)"
Kingsley Park Apartments,3.3,1 bed 1 bath,"Morgantown, WV",30d+,"$950 - $1,225 (Landlord est.)"
Copperfield Commons,3.0,4 Bed / 4 Bath - Student Housing,Research Triangle,5d,"$2,125 - $2,975 (Landlord est.)"
The Ardmore,2.9,1 Bedroom Apartment,Dallas-Fort Worth,12d,"$1,050 - $1,175 (Landlord est.)"
Riverbend Lofts,4.2,"Three Bed, Two Bath","Las Vegas, NV",5d,"$1,950 - $2,575 (Landlord est.)"
Quarry Hill Apartments,3.8,2 Bed / 1.5 Bath,"Indianapolis, IN",30d+,"$1,075 - $1,350 (Landlord est.)"
Meridian Court,4.0,Two Bedroom / Two Bath,"Ann Arbor, MI",13d,
The Merchant Lofts,3.5,3 Bedroom Apartment,"Atlanta, GA",3d,"$1,925 - $2,625 (Landlord est.)"
Stonebridge Village,3.9,1 Bed / 1.5 Bath,"Ithaca, NY",5d,"$1,125 - $1,350 (RentPulse est.)"
Vintage Brick Lofts,4.1,1 Bed / 1 Bath,"Minneapolis, MN",14d,"$1,275 - $1,500 (Landlord est.)"
Birchwood Estates,3.5,Two Bedroom Apartment Home,"Tucson, AZ",7d,
Oakhaven Apartments,2.6,1BR/1BA,"Little Rock, AR",11d,$775 - $850 (Landlord est.)
Trailside at Fox Run,3.5,2 bed 2 bath,"Portland, OR",7d,"$1,750 - $2,100 (Landlord est.)"
Crestline Apartments,3.4,1 Bed / 1.5 Bath,"Dayton, OH",30d+,"$800 - $1,050 (RentPulse est.)"
The Whitmore,,"Three Bed, Two Bath","Colorado Springs, CO",14d,"$1,775 - $2,125 (RentPulse est.)"
Quarry Hill Apartments,3.3,"2 Bed, 2 Bath, Den","Nashville, TN",9d,"$1,425 - $1,825 (Landlord est.)"
Kingsley Park Apartments,3.8,1 bed 1 bath,"Milwaukee, WI",20d,"$1,050 - $1,350 (Landlord est.)"
Sycamore Court,4.0,1BR,"Aguadilla, PR",2d,"$750 - $1,050 (RentPulse est.)"
The Beacon on Main,3.5,Studio Loft,"Portland, OR",7d,"$1,100 - $1,550 (RentPulse est.)"
Brookside Manor,4.1,1 Bedroom Apartment,"Little Rock, AR",30d+,"$925 - $1,150 (Landlord est.)"
Greenway Crossing,4.7,1BR/1BA,"Providence, RI",18d,"$1,375 - $1,725 (Landlord est.)"
Tanglewood Apartments,4.8,Two Bedroom / Two Bath,"Milwaukee, WI",8d,"$1,150 - $1,300 (RentPulse est.)"
Summit House,2.7,Two Bedroom,"Tampa, FL",30d+,"$1,575 - $2,125 (RentPulse est.)"
Quarry Hill Apartments,3.5,Three Bedroom Townhome,"Little Rock, AR",2d,
Thistlewood Commons,4.1,2 Bed / 1.5 Bath,"Washington, DC",2d,"$2,200 - $2,675 (RentPulse est.)"
The Beacon on Main,4.1,Two Bedroom / Two Bath,United States,30d+,"$1,350 - $1,950 (Landlord est.)"
"Crown Ridge Residential, LLC",4.2,3BD/2BA,"San Francisco, CA",4d,"$3,525 - $5,125 (RentPulse est.)"
Cedar Ridge Village,4.4,One Bedroom / One Bath,"New Orleans, LA",1d,"$1,025 - $1,425 (Landlord est.)"
Pinecrest Gardens,,2 Bed / 1 Bath,"Wichita, KS",21d,"$975 - $1,225 (Landlord est.)"
Harborview Commons,2.8,1 Bed / 1 Bath,Inland Empire,30d+,"$1,200 - $1,650 (RentPulse est.)"
Chestnut Hill Commons,4.0,TWO BEDROOM,"Indianapolis, IN",3d,"$1,375 - $2,025 (RentPulse est.)"
Hawthorne Place,3.3,2BR/1BA,"Dayton, OH",4d,"$950 - $1,250 (Landlord est.)"
The Windermere,3.3,2 Bedroom Apartment,"Seattle, WA",2d,"$2,100 - $2,400 (RentPulse est.)"
Quarry Hill Apartments,4.0,2 bed 2 bath,"Sacramento, CA",3d,"$1,975 - $2,450 (Landlord est.)"
The Juniper,3.8,2 Bedroom - Washer/Dryer in Unit,"Des Moines, IA",30d+,"$1,025 - $1,500 (Landlord est.)"
The Dover,3.1,3 Bed / 2 Bath,"Ithaca, NY",30d+,"$1,625 - $2,075 (RentPulse est.)"
The Paxton,4.2,3 Bed / 2 Bath - Garage Included,"San Diego, CA",8d,
Willow Creek Apartments,4.3,2 Bed / 1 Bath,"Spokane, WA",12d,"$1,300 - $1,475 (Landlord est.)"
"Beacon Residential Group, LLC",3.9,"2 Bed, 2 Bath, Den","Atlanta, GA",5d,"$1,375 - $1,950 (Landlord est.)"
Chestnut Hill Commons,4.5,One Bedroom / One Bath,"Boston, MA",3d,"$1,900 - $2,375 (RentPulse est.)"
The Tessera,3.6,One Bedroom / One Bath,"Colorado Springs, CO",2d,
Silverleaf Apartments,2.9,1BR,Central New Jersey,26d,"$1,300 - $1,500 (Landlord est.)"
Cedar Ridge Village,3.2,Four Bedroom,"Houston, TX",2d,"$1,875 - $2,600 (Landlord est.)"
Cedar Ridge Village,4.0,Studio / Open Floor Plan,"Louisville, KY",5d,"$700 - $1,025 (Landlord est.)"
Cedar Ridge Village,3.2,3 Bed / 2 Bath,"Scranton, PA",30d+,"$1,150 - $1,500 (RentPulse est.)"
Lakeshore Landing,2.7,4 Bed / 2 Bath,"Toledo, OH",9d,"$1,650 - $2,325 (RentPulse est.)"
Cedar Ridge Village,,5 Bed / 3 Bath,"Manassas, VA",10d,"$2,450 - $3,100 (Landlord est.)"
The Landmark at Midtown,3.9,"Two Bed, Two Bath (Top Floor)","Portland, OR",2d,"$1,600 - $2,350 (RentPulse est.)"
Bayside Apartment Homes,4.0,3 bed 2 bath,"Fort Wayne, IN",24d,"$1,425 - $2,025 (RentPulse est.)"
Spring Garden Commons,3.8,"Three Bed, Two Bath","Birmingham, AL",9d,"$1,275 - $1,675 (Landlord est.)"
Pinecrest Gardens,4.0,2 Bedroom Duplex,"Salt Lake City, UT",1d,"$1,625 - $2,100 (RentPulse est.)"
Bayside Apartment Homes,4.1,"Two Bed, Two Bath (Top Floor)","Wichita, KS",3d,
The Beacon on Main,3.4,1 Bedroom - Upgraded Finishes,"Seattle, WA",5d,"$1,550 - $2,100 (RentPulse est.)"
Pinecrest Gardens,3.5,"One Bed, One Bath","San Diego, CA",13d,
Willow Creek Apartments,3.9,One Bedroom,"Houston, TX",30d+,"$1,100 - $1,525 (RentPulse est.)"
Chestnut Hill Commons,2.5,3 Bed / 2 Bath,"Orlando, FL",12d,"$2,075 - $2,675 (RentPulse est.)"
"Beacon Residential Group, LLC",3.7,1 Bedroom Apartment,"Salt Lake City, UT",4d,"$1,050 - $1,200 (Landlord est.)"
Pinecrest Gardens,3.0,1 Bedroom Garden Level,United States,3d,"$1,050 - $1,275 (Landlord est.)"
Copperfield Commons,3.5,studio,United States,30d+,"$825 - $1,125 (Landlord est.)"
Highland Row,3.6,One Bedroom / One Bath,"Madison, WI",3d,"$1,225 - $1,700 (RentPulse est.)"
The Overlook at Shadyside,3.6,2BR,Inland Empire,9d,"$1,550 - $1,925 (RentPulse est.)"
Cypress Creek Village,3.7,Two Bedroom,"Nashville, TN",30d+,
Maple Grove Commons,3.1,2 bed 2 bath,"Louisville, KY",2d,
Cedar Ridge Village,3.6,2BR/2BA,"Toledo, OH",30d+,"$1,125 - $1,550 (RentPulse est.)"
"Hartwell Properties, Inc.",4.2,2BR,"Tampa, FL",4d,"$1,825 - $2,150 (RentPulse est.)"
Meridian Court,3.3,3 Bed / 2 Bath - Garage Included,"Tucson, AZ",5d,"$1,450 - $1,825 (Landlord est.)"
Autumn Ridge Apartments,3.8,3 bed 2 bath,"St. Louis, MO",2d,"$1,525 - $1,700 (Landlord est.)"
The Bellamy,3.7,1 Bed / 1 Bath,"Atlanta, GA",4d,"$1,200 - $1,500 (Landlord est.)"
Trailside at Fox Run,3.6,2 Bedroom - Washer/Dryer in Unit,"Hartford, CT",7d,"$1,675 - $2,425 (RentPulse est.)"
Verdant Square,4.3,1 Bed/1 Bath (Corner Unit),"Salt Lake City, UT",12d,
Barrett Square Apartments,4.2,3 Bed / 2 Bath - Garage Included,"Bakersfield, CA",30d+,"$1,700 - $2,450 (RentPulse est.)"
Canal Street Flats,3.5,Studio,"Orlando, FL",30d+,"$950 - $1,075 (Landlord est.)"
Emerald Bay Apartments,4.3,1 Bedroom Loft,"Pittsburgh, PA",2d,
Parkview Terrace,3.5,2 bed 2 bath,"Scranton, PA",4d,"$975 - $1,125 (RentPulse est.)"
Northgate Apartment Homes,3.9,3 Bed / 2 Bath - Garage Included,"San Francisco, CA",30d+,"$3,525 - $4,700 (Landlord est.)"
Pinecrest Gardens,3.1,1 Bed / 1.5 Bath,"Alpharetta, GA",4d,"$1,100 - $1,500 (Landlord est.)"
Bayside Apartment Homes,3.5,2 Bed / 1 Bath,Multiple Locations,30d+,"$1,375 - $1,850 (Landlord est.)"
Pebble Brook Village,3.3,3BD/2BA,"Omaha, NE",3d,"$1,550 - $1,875 (Landlord est.)"
Autumn Ridge Apartments,3.8,Five Bedroom House,"Manassas, VA",6d,"$2,600 - $3,775 (RentPulse est.)"
Barrett Square Apartments,3.6,Two Bedroom / Two Bath,"Las Vegas, NV",4d,"$1,350 - $1,650 (RentPulse est.)"
The Carlisle,,2 Bed / 1 Bath,"State College, PA",30d+,"$1,175 - $1,675 (RentPulse est.)"
Ironworks Lofts,4.5,1BD/1BA,"Little Rock, AR",18d,"$725 - $1,025 (Landlord est.)"
Kingsley Park Apartments,4.6,2 Bed / 1.5 Bath,"Richmond, VA",11d,"$1,275 - $1,775 (Landlord est.)"
The Ashford,3.7,2BR/2BA,"Dayton, OH",12d,"$925 - $1,225 (RentPulse est.)"
"Lakeview Commons, Phase II",4.8,"Three Bed, Two Bath","Chicago, IL",10d,"$2,175 - $2,500 (Landlord est.)"
The Hadley,3.7,2BR/1BA,"Akron, OH",3d,
Pinecrest Gardens,2.7,2BR/2BA,"Farmington Hills, MI",30d+,"$1,225 - $1,400 (Landlord est.)"
Brightwater Flats,3.1,1BR,"Ithaca, NY",6d,"$950 - $1,300 (RentPulse est.)"
Crestline Apartments,3.7,Three Bedroom,"Dallas, TX",30d+,"$2,000 - $2,925 (Landlord est.)"
The Ardmore,3.9,2 Bed / 2 Bath,"Farmington Hills, MI",2d,"$1,375 - $1,875 (Landlord est.)"
The Bellamy,2.9,Studio - Renovated,"Birmingham, AL",10d,$675 - $900 (Landlord est.)
Autumn Ridge Apartments,4.7,4 Bed / 4 Bath - Student Housing,"Nashville, TN",2d,"$2,350 - $3,350 (RentPulse est.)"
Wexford Place,2.8,TWO BEDROOM,"Atlanta, GA",2d,"$1,750 - $2,450 (Landlord est.)"
Waterford Place,3.6,2 Bedroom Townhome,"Wichita, KS",3d,"$1,125 - $1,450 (RentPulse est.)"
The Beacon on Main,3.0,Two Bedroom Apartment Home,"Akron, OH",1d,
"Crown Ridge Residential, LLC",3.7,2BR,"Bloomington, IN",2d,"$1,250 - $1,750 (Landlord est.)"
Brightwater Flats,3.7,3 Bed / 2.5 Bath,"Nashville, TN",9d,"$2,075 - $2,725 (RentPulse est.)"
The Hadley,3.3,"Two Bed, Two Bath (Top Floor)","Salt Lake City, UT",28d,"$1,400 - $2,000 (RentPulse est.)"
The Coventry,3.4,1 Bed / 1 Bath - Renovated,"Madison, WI",12d,"$975 - $1,100 (RentPulse est.)"
Summit House,3.5,2 Bedroom Apartment,"Miami, FL",14d,"$1,875 - $2,350 (Landlord est.)"
Meridian Court,4.2,2BR,Central New Jersey,2d,"$2,175 - $2,475 (Landlord est.)"
Arbor Lane Apartments,4.0,2 Bed / 1 Bath,"Omaha, NE",5d,
Rosewood Terrace,3.1,Studio Loft,"Louisville, KY",30d+,$775 - $875 (Landlord est.)
"Crown Ridge Residential, LLC",3.6,Five Bedroom House,"Alpharetta, GA",6d,"$2,525 - $3,575 (RentPulse est.)"
,3.7,STUDIO,"Kansas City, MO",14d,$700 - $900 (Landlord est.)
Foxwood Crossing,4.2,1 Bedroom Loft,"Nashville, TN",7d,
The Hollis,3.6,1 Bedroom Garden Level,"Chattanooga, TN",7d,"$825 - $1,175 (RentPulse est.)"
The Landmark at Midtown,3.3,1 Bedroom - Upgraded Finishes,"Providence, RI",9d,"$1,375 - $1,500 (Landlord est.)"
The Coventry,3.8,2BR,"Dallas, TX",30d+,"$1,375 - $1,975 (RentPulse est.)"
The Coventry,3.7,One Bedroom Apartment Home,"Madison, WI",3d,"$1,025 - $1,175 (RentPulse est.)"
The Landmark at Midtown,,1 Bed / 1 Bath + Den,"Washington, DC",1d,"$1,750 - $2,500 (Landlord est.)"
Meridian Court,2.6,1 Bed / 1 Bath - Renovated,"Minneapolis, MN",20d,
The Windermere,3.9,2 Bedroom - Washer/Dryer in Unit,"Farmington Hills, MI",2d,"$1,075 - $1,225 (Landlord est.)"
Rosewood Terrace,3.9,TWO BEDROOM,"Colorado Springs, CO",30d+,"$1,275 - $1,625 (Landlord est.)"
Thistlewood Commons,3.3,1 bed 1 bath,"Aguadilla, PR",16d,
Brightwater Flats,4.2,1 Bed / 1 Bath - Renovated,Dallas-Fort Worth,3d,
The Windermere,4.7,2BR,"Ann Arbor, MI",7d,
Rosewood Terrace,3.8,2 Bedroom Townhome,"Orlando, FL",3d,"$1,500 - $2,225 (Landlord est.)"
Autumn Ridge Apartments,3.9,One Bedroom / One Bath,"Cary, NC",3d,
Meridian Court,2.3,1BR/1BA,"Akron, OH",20d,$700 - $850 (Landlord est.)
Barrett Square Apartments,3.6,Two Bedroom / Two Bath,"Reno, NV",8d,"$1,450 - $1,725 (RentPulse est.)"
Rosewood Terrace,3.3,3 Bed / 2 Bath - Garage Included,"St. Louis, MO",2d,"$1,550 - $2,125 (Landlord est.)"
The Fairmount,2.2,2 Bedroom Duplex,"Charlotte, NC",7d,"$1,325 - $1,675 (RentPulse est.)"
Tanglewood Apartments,2.7,Two Bedroom / Two Bath,"Wichita, KS",30d+,"$1,050 - $1,450 (Landlord est.)"
Summit House,2.8,1BR,"San Jose, CA",5d,"$2,000 - $2,900 (Landlord est.)"
Birchwood Estates,3.9,2 Bedroom Duplex,"Athens, GA",30d+,"$1,100 - $1,375 (Landlord est.)"
"The Grove at Erie, Building C",3.6,Three Bedroom,"Buffalo, NY",4d,"$1,400 - $1,675 (Landlord est.)"
The Bellamy,4.5,5 Bed / 3 Bath,"Richmond, VA",2d,"$2,050 - $2,700 (Landlord est.)"
"The Yards at Ohio River, Tower A",4.7,1BD/1BA,"Athens, GA",6d,"$1,025 - $1,150 (RentPulse est.)"
The Hollis,,1 Bedroom Apartment,"Minneapolis, MN",4d,"$1,025 - $1,375 (Landlord est.)"
The Weatherby,4.1,1 Bedroom Garden Level,Inland Empire,3d,"$1,325 - $1,850 (RentPulse est.)"
Brightwater Flats,4.3,1 Bedroom Apartment,"Bakersfield, CA",8d,"$1,050 - $1,425 (RentPulse est.)"
The Dover,4.1,4BR/2BA,"Ithaca, NY",14d,"$2,250 - $3,025 (Landlord est.)"
Autumn Ridge Apartments,3.9,Two Bedroom,"San Francisco, CA",30d+,"$2,350 - $3,325 (RentPulse est.)"
Hawthorne Place,3.0,Studio (Utilities Included),"Akron, OH",30d+,$625 - $725 (RentPulse est.)
Waterford Place,,1BD/1BA,"New Orleans, LA",24d,"$1,175 - $1,725 (RentPulse est.)"
The Sterling,3.6,2 Bedroom - Washer/Dryer in Unit,"San Jose, CA",30d+,"$2,325 - $3,400 (Landlord est.)"
The Alder,3.9,Efficiency,"Morgantown, WV",8d,$625 - $850 (RentPulse est.)
The Tessera,4.1,Micro Studio,"San Francisco, CA",4d,"$1,850 - $2,200 (RentPulse est.)"
The Windermere,4.7,"Two Bed, Two Bath (Top Floor)","Boise, ID",6d,"$1,400 - $1,975 (RentPulse est.)"
The Carlisle,2.3,Junior Studio,"Sacramento, CA",30d+,"$1,025 - $1,275 (Landlord est.)"
Brightwater Flats,4.1,2BR/1BA,"Kansas City, MO",6d,"$1,325 - $1,900 (Landlord est.)"
Bayside Apartment Homes,3.7,2 bed 2 bath,"Phoenix, AZ",2d,
Summit House,4.0,Studio (Utilities Included),"Cleveland, OH",30d+,"$825 - $1,075 (Landlord est.)"
Ironworks Lofts,3.3,2 Bed / 1.5 Bath,"San Diego, CA",2d,"$2,150 - $2,550 (Landlord est.)"
The Ellsworth,3.8,2 Bed / 1 Bath,"Louisville, KY",13d,"$1,225 - $1,525 (Landlord est.)"
Sycamore Court,3.7,2BR/1BA,"Chicago, IL",2d,"$1,575 - $2,325 (RentPulse est.)"
Parkview Terrace,,3BD/2BA,United States,16d,"$1,575 - $1,800 (RentPulse est.)"
"Lakeview Commons, Phase II",3.1,STUDIO,"Atlanta, GA",4d,"$900 - $1,125 (Landlord est.)"
Arbor Lane Apartments,4.4,1BR,Research Triangle,21d,"$1,100 - $1,250 (Landlord est.)"
Pinecrest Gardens,4.7,2BR/2BA,"Madison, WI",30d+,"$1,250 - $1,750 (Landlord est.)"
The Dover,3.4,1BD/1BA,"Bloomington, IN",9d,"$1,025 - $1,350 (Landlord est.)"
Fern Hollow Apartments,4.3,3 Bed / 2 Bath,"Washington, DC",3d,"$2,850 - $3,475 (Landlord est.)"
"The Grove at Erie, Building C",3.4,1 Bedroom - Upgraded Finishes,"Sacramento, CA",30d+,"$1,425 - $2,050 (RentPulse est.)"
Station Square Residences,3.8,3 Bedroom House,"Colorado Springs, CO",4d,"$1,650 - $2,275 (Landlord est.)"
Mill District Lofts,3.2,"Three Bed, Two Bath","Ithaca, NY",30d+,"$1,750 - $2,550 (RentPulse est.)"
The Weatherby,2.6,1 Bedroom Loft,"Reno, NV",7d,"$1,150 - $1,275 (Landlord est.)"
Clearview Heights,3.8,2BD/2BA,"Pittsburgh, PA",2d,"$1,250 - $1,500 (RentPulse est.)"
Willow Creek Apartments,3.2,Studio - Renovated,"Houston, TX",10d,"$1,000 - $1,400 (Landlord est.)"
"Sandalwood Apartments, South Campus",4.1,1 Bedroom Apartment,"Seattle, WA",30d+,"$1,525 - $1,925 (RentPulse est.)"
Kingsley Park Apartments,4.2,2 Bedroom - Washer/Dryer in Unit,"Cleveland, OH",3d,"$1,200 - $1,750 (RentPulse est.)"
Canal Street Flats,3.3,3 Bedroom Apartment,"Kansas City, MO",30d+,
Tanglewood Apartments,4.2,2 bed 2 bath,"Louisville, KY",10d,"$1,175 - $1,300 (Landlord est.)"
Autumn Ridge Apartments,4.1,2 Bedroom - Washer/Dryer in Unit,"Omaha, NE",30d+,"$1,075 - $1,375 (Landlord est.)"
Pinecrest Gardens,3.0,1 Bedroom Apartment,"Hartford, CT",6d,"$1,250 - $1,600 (RentPulse est.)"
"Sandalwood Apartments, South Campus",4.4,4BR/4BA (Per Bed Lease),"Denver, CO",24d,
Clearview Heights,3.4,1BR/1BA,"Morgantown, WV",30d+,"$825 - $1,125 (RentPulse est.)"
The Coventry,,1 Bed / 1.5 Bath,"Ithaca, NY",10d,"$1,000 - $1,425 (Landlord est.)"
Northgate Apartment Homes,3.3,Junior Studio,"Morgantown, WV",5d,$775 - $950 (RentPulse est.)
The Marigold,3.9,One Bedroom / One Bath,"Boise, ID",6d,"$1,150 - $1,450 (Landlord est.)"
Bayside Apartment Homes,3.0,4 Bedroom House,"Tampa, FL",7d,"$2,225 - $2,850 (Landlord est.)"
Birchwood Estates,3.8,1 Bed/1 Bath (Corner Unit),Greater Boston Area,30d+,"$1,650 - $2,450 (Landlord est.)"
Fieldstone Commons,3.6,2 bed 2 bath,"Charlotte, NC",10d,"$1,625 - $1,950 (Landlord est.)"
Birchwood Estates,4.2,"One Bed, One Bath","Seattle, WA",5d,"$1,750 - $2,550 (RentPulse est.)"
The Weatherby,3.2,1 Bedroom Loft,"New Orleans, LA",2d,"$1,025 - $1,175 (Landlord est.)"
Prospect Point Flats,3.5,1 Bed / 1.5 Bath,"Pittsburgh, PA",20d,"$1,050 - $1,250 (Landlord est.)"
"Crown Ridge Residential, LLC",3.9,1 Bed / 1 Bath - Renovated,"State College, PA",2d,"$1,075 - $1,525 (RentPulse est.)"
Fern Hollow Apartments,3.8,4 bed 2 bath,Northern Virginia,11d,"$2,600 - $3,575 (RentPulse est.)"
Willow Creek Apartments,4.5,Micro Studio,"State College, PA",30d+,$725 - $900 (RentPulse est.)
The Merchant Lofts,3.5,2BR/1BA,"Toledo, OH",1d,"$925 - $1,150 (RentPulse est.)"
The Bellamy,4.3,2BD/2BA,"Memphis, TN",2d,"$1,025 - $1,275 (Landlord est.)"
Wexford Place,3.8,1 Bed / 1.5 Bath,"Los Angeles, CA",20d,"$1,450 - $1,650 (RentPulse est.)"
Meridian Court,4.4,3 Bedroom House,"New York, NY",2d,"$3,075 - $3,900 (RentPulse est.)"
Arbor Lane Apartments,3.3,studio,Inland Empire,13d,
Silverleaf Apartments,3.4,2BR,"Chattanooga, TN",30d+,"$1,075 - $1,275 (Landlord est.)"
Rosewood Terrace,,Two Bedroom,"Omaha, NE",30d+,"$1,300 - $1,475 (RentPulse est.)"
The Ardmore,3.5,1BR,,10d,$750 - $925 (RentPulse est.)
Arbor Lane Apartments,2.9,1BR,Dallas-Fort Worth,30d+,"$1,150 - $1,575 (RentPulse est.)"
Riverbend Lofts,4.0,2 Bed / 2 Bath - Renovated,"Pittsburgh, PA",1d,"$1,250 - $1,800 (RentPulse est.)"
Fern Hollow Apartments,3.0,"One Bed, One Bath","Charlotte, NC",3d,"$1,050 - $1,200 (RentPulse est.)"
"Crown Ridge Residential, LLC",3.8,1 Bedroom Garden Level,"Ithaca, NY",30d+,"$1,150 - $1,675 (RentPulse est.)"
Willow Creek Apartments,4.3,Five Bedroom House,Greater Boston Area,30d+,"$2,950 - $3,575 (Landlord est.)"
Hawthorne Place,3.4,4 bed 2 bath,"Erie, PA",2d,
Fieldstone Commons,4.5,1 bed 1 bath,"Athens, GA",7d,"$925 - $1,175 (Landlord est.)"
"Crown Ridge Residential, LLC",3.4,2BR/1BA,"Dayton, OH",3d,"$950 - $1,300 (RentPulse est.)"
The Hollis,2.3,Micro Studio,"Dayton, OH",30d+,$700 - $850 (Landlord est.)
The Whitmore,3.5,1 Bed / 1 Bath + Den,"Memphis, TN",2d,"$975 - $1,350 (Landlord est.)"
Vintage Brick Lofts,2.6,Three Bedroom Townhome,"Memphis, TN",30d+,"$1,550 - $2,125 (Landlord est.)"
The Landmark at Midtown,3.0,5 Bed / 3 Bath,"Tucson, AZ",1d,"$1,700 - $2,150 (RentPulse est.)"
Willow Creek Apartments,3.7,3 Bed / 2.5 Bath,"Bakersfield, CA",3d,"$1,675 - $2,250 (RentPulse est.)"
Meridian Court,2.9,1BD/1BA,"San Francisco, CA",2d,"$1,775 - $2,075 (RentPulse est.)"
The Merchant Lofts,3.7,One Bedroom / One Bath,"Minneapolis, MN",12d,"$1,150 - $1,525 (RentPulse est.)"
Sycamore Court,,1 Bedroom Loft,Minneapolis-Saint Paul,30d+,"$1,025 - $1,250 (Landlord est.)"
The Larkspur,3.5,4BR/2BA,"Akron, OH",30d+,"$1,425 - $2,025 (RentPulse est.)"
The Dover,3.5,1 Bedroom Garden Level,"New York, NY",30d+,"$2,175 - $2,975 (Landlord est.)"
The Beacon on Main,3.9,2 Bedroom - Washer/Dryer in Unit,"Fort Wayne, IN",5d,"$1,025 - $1,275 (RentPulse est.)"
Station Square Residences,4.9,3BD/2BA,"Farmington Hills, MI",12d,"$1,700 - $2,350 (Landlord est.)"
Sunset Ridge Apartments,3.8,One Bedroom / One Bath,"Seattle, WA",3d,"$1,800 - $2,225 (RentPulse est.)"
Wexford Place,3.3,1 Bed / 1.5 Bath,"Wichita, KS",10d,$700 - $950 (RentPulse est.)
The Ashford,4.1,"One Bed, One Bath","Buffalo, NY",4d,$800 - $950 (Landlord est.)
"The Grove at Erie, Building C",4.2,1 Bedroom - Upgraded Finishes,"Erie, PA",10d,$750 - $875 (Landlord est.)
The Marigold,,Two Bedroom Apartment Home,"Manassas, VA",2d,"$1,700 - $2,250 (RentPulse est.)"
The Larkspur,4.2,Two Bedroom,"State College, PA",30d+,"$1,375 - $1,550 (RentPulse est.)"
Foxwood Crossing,4.1,4BR/4BA (Per Bed Lease),"Charlotte, NC",16d,"$2,500 - $3,000 (Landlord est.)"
The Landmark at Midtown,3.8,Efficiency / Studio,Lehigh Valley,30d+,
Mill District Lofts,2.5,2 Bed / 1 Bath,"Cleveland, OH",5d,"$1,275 - $1,600 (RentPulse est.)"
Station Square Residences,2.7,2 Bedroom Duplex,"Ann Arbor, MI",30d+,"$1,650 - $2,050 (Landlord est.)"
The Carlisle,3.6,Studio - Renovated,"Phoenix, AZ",4d,
Northgate Apartment Homes,2.4,5 Bed / 3 Bath,"Austin, TX",2d,"$2,550 - $3,250 (Landlord est.)"
"Beacon Residential Group, LLC",3.5,Studio Loft,"Dayton, OH",4d,$625 - $800 (Landlord est.)
Brightwater Flats,3.9,2 Bed / 2 Bath - Renovated,"Buffalo, NY",30d+,"$1,125 - $1,400 (Landlord est.)"
Ironworks Lofts,3.7,1 Bedroom Apartment,"Salt Lake City, UT",8d,"$1,250 - $1,600 (RentPulse est.)"
The Weatherby,3.1,2 Bedroom Townhome,"Omaha, NE",14d,"$1,275 - $1,450 (RentPulse est.)"
Wexford Place,3.1,1 Bed / 1 Bath + Den,"Bakersfield, CA",2d,"$1,125 - $1,625 (RentPulse est.)"
The Rowan,3.5,Three Bedroom Townhome,"Salt Lake City, UT",3d,"$1,725 - $2,125 (RentPulse est.)"
The Carlisle,2.9,Studio Loft,"Dayton, OH",3d,$675 - $725 (Landlord est.)
The Ellsworth,2.8,3BR/2BA,"New York, NY",5d,
"The Yards at Ohio River, Tower A",4.0,3BR/2.5BA,"Pittsburgh, PA",4d,
Harborview Commons,4.4,"Two Bed, Two Bath (Top Floor)","Bakersfield, CA",11d,"$1,400 - $1,825 (RentPulse est.)"
Canal Street Flats,3.8,Efficiency / Studio,"Cleveland, OH",30d+,$675 - $975 (RentPulse est.)
"Pinnacle Living, Inc.",3.4,1 Bedroom Apartment,"Buffalo, NY",12d,$800 - $900 (Landlord est.)
Greenway Crossing,4.9,1 Bed / 1 Bath + Den,"Omaha, NE",7d,"$800 - $1,025 (Landlord est.)"
Willow Creek Apartments,3.7,Studio Loft,"Birmingham, AL",2d,"$775 - $1,000 (RentPulse est.)"
The Dover,3.9,1 Bedroom Apartment,Minneapolis-Saint Paul,2d,"$1,050 - $1,200 (Landlord est.)"
Arbor Lane Apartments,4.1,"Two Bed, Two Bath (Top Floor)","Miami, FL",24d,"$2,075 - $2,825 (Landlord est.)"
Foxwood Crossing,2.2,1 Bedroom - Upgraded Finishes,"Boise, ID",4d,"$1,075 - $1,225 (RentPulse est.)"
Riverbend Lofts,2.5,2 Bed / 1.5 Bath,"Louisville, KY",9d,"$1,150 - $1,400 (RentPulse est.)"
Fieldstone Commons,4.0,One Bedroom,Greater Boston Area,30d+,"$1,750 - $2,225 (RentPulse est.)"
Maple Grove Commons,3.3,2 Bedroom Duplex,"Albuquerque, NM",1d,"$1,250 - $1,725 (Landlord est.)"
Fern Hollow Apartments,4.0,Two Bedroom / Two Bath,,11d,"$1,425 - $2,050 (Landlord est.)"
Vintage Brick Lofts,3.6,Two Bedroom Apartment Home,"Providence, RI",30d+,"$1,825 - $2,375 (RentPulse est.)"
Silverleaf Apartments,,2 Bedroom - Washer/Dryer in Unit,"Birmingham, AL",30d+,"$925 - $1,125 (Landlord est.)"
Pebble Brook Village,3.8,studio,"Richmond, VA",5d,"$975 - $1,125 (Landlord est.)"
"The Grove at Erie, Building C",4.4,3 Bedroom Apartment,"Wichita, KS",4d,"$1,225 - $1,775 (Landlord est.)"
"The Grove at Erie, Building C",4.1,1 Bed / 1 Bath,"Chicago, IL",8d,"$1,250 - $1,575 (RentPulse est.)"
Riverbend Lofts,4.7,Two Bedroom,Central New Jersey,7d,"$1,775 - $2,225 (Landlord est.)"
Rosewood Terrace,4.1,Studio Apartment,"Manassas, VA",30d+,"$975 - $1,200 (RentPulse est.)"
The Ellsworth,3.5,One Bedroom / One Bath,"Spokane, WA",4d,"$925 - $1,150 (Landlord est.)"
The Landmark at Midtown,3.5,One Bedroom / One Bath,"Hartford, CT",2d,"$1,175 - $1,400 (Landlord est.)"
Copperfield Commons,3.5,1 Bed / 1 Bath,"Pittsburgh, PA",3d,"$1,000 - $1,300 (RentPulse est.)"
The Landmark at Midtown,3.9,One Bedroom Townhome,"Birmingham, AL",7d,"$800 - $1,150 (Landlord est.)"
Waterford Place,,3 Bed / 2 Bath,"Toledo, OH",2d,"$1,375 - $1,975 (RentPulse est.)"
Greenway Crossing,3.7,1 Bed/1 Bath (Corner Unit),Multiple Locations,8d,"$1,250 - $1,650 (RentPulse est.)"
"Pinnacle Living, Inc.",3.3,Two Bedroom Apartment Home,"Reno, NV",6d,"$1,750 - $2,450 (RentPulse est.)"
Parkview Terrace,3.3,"2 Bed, 2 Bath, Den","Omaha, NE",30d+,
Lakeshore Landing,3.3,3 Bedroom Apartment,"Minneapolis, MN",30d+,"$1,775 - $2,375 (Landlord est.)"
"Crown Ridge Residential, LLC",2.9,2BR/2BA,"Richmond, VA",3d,"$1,400 - $2,025 (RentPulse est.)"
Pebble Brook Village,3.0,3 Bedroom Apartment,"Bakersfield, CA",30d+,"$1,500 - $2,150 (RentPulse est.)"
Silverleaf Apartments,,2 bed 2 bath,"Chattanooga, TN",3d,"$1,025 - $1,325 (RentPulse est.)"
"Hartwell Properties, Inc.",4.2,1 Bed / 1 Bath - Renovated,"Bakersfield, CA",30d+,"$975 - $1,275 (Landlord est.)"
The Bellamy,4.5,1 Bed / 1 Bath + Den,"San Francisco, CA",5d,"$1,775 - $2,525 (Landlord est.)"
Canal Street Flats,3.5,One Bedroom Townhome,"Minneapolis, MN",3d,"$1,225 - $1,725 (RentPulse est.)"
The Coventry,3.8,1BD/1BA,Minneapolis-Saint Paul,10d,
Ironworks Lofts,,1BD/1BA,"San Diego, CA",5d,"$1,625 - $1,900 (RentPulse est.)"
The Overlook at Shadyside,3.1,Studio Apartment,"Buffalo, NY",5d,$800 - $875 (Landlord est.)
Autumn Ridge Apartments,3.9,2BR/2BA,"Portland, OR",8d,"$1,725 - $2,300 (RentPulse est.)"
The Fairmount,3.4,2 Bed / 1.5 Bath,"Kansas City, MO",14d,"$1,200 - $1,600 (Landlord est.)"
Fern Hollow Apartments,3.2,Three Bedroom,"Dallas, TX",11d,"$2,075 - $2,850 (Landlord est.)"
Ironworks Lofts,3.2,"2 Bed, 2 Bath, Den","Erie, PA",2d,"$1,025 - $1,350 (Landlord est.)"
Lakeshore Landing,4.1,Three Bedroom,"St. Louis, MO",3d,"$1,575 - $1,750 (RentPulse est.)"
The Ashford,3.7,Two Bedroom,Greater Boston Area,30d+,"$2,100 - $2,350 (Landlord est.)"
Riverbend Lofts,3.7,Five Bedroom House,Northern Virginia,30d+,"$2,900 - $3,225 (Landlord est.)"
The Landmark at Midtown,2.9,Studio - Renovated,"Cary, NC",2d,"$1,050 - $1,475 (RentPulse est.)"
The Bellamy,,4 Bedroom House,"Memphis, TN",1d,"$1,875 - $2,200 (Landlord est.)"
Silverleaf Apartments,3.4,2 Bedroom - Washer/Dryer in Unit,"St. Louis, MO",30d+,"$1,250 - $1,400 (RentPulse est.)"
The Bellamy,3.9,1 Bedroom Garden Level,"Boston, MA",30d+,"$1,775 - $2,525 (RentPulse est.)"
Highland Row,3.8,3 Bedroom House,"Omaha, NE",30d+,"$1,550 - $2,200 (RentPulse est.)"
The Whitmore,3.2,1 Bedroom - Upgraded Finishes,"State College, PA",5d,
The Alder,3.1,1BD/1BA,"Toledo, OH",10d,
The Beacon on Main,4.0,1 Bedroom Apartment,"Madison, WI",3d,"$1,200 - $1,525 (RentPulse est.)"
The Hollis,4.2,3 Bedroom Townhouse,"Cleveland, OH",14d,"$1,400 - $1,775 (RentPulse est.)"
Arbor Lane Apartments,3.9,Two Bedroom Apartment Home,"Reno, NV",9d,"$1,475 - $2,075 (RentPulse est.)"
Cypress Creek Village,3.3,Two Bedroom,"Akron, OH",30d+,"$925 - $1,050 (RentPulse est.)"
The Bellamy,4.1,2 Bed / 1 Bath,"Indianapolis, IN",30d+,"$1,125 - $1,525 (RentPulse est.)"
Pinecrest Gardens,3.2,2 Bed / 2 Bath - Renovated,"Tucson, AZ",24d,"$1,375 - $1,975 (Landlord est.)"
Quarry Hill Apartments,4.2,1 Bedroom Garden Level,"Manassas, VA",2d,"$1,450 - $1,875 (Landlord est.)"
Maple Grove Commons,,1 Bed / 1.5 Bath,"Washington, DC",5d,"$1,700 - $2,075 (RentPulse est.)"
The Bellamy,3.1,3 Bedroom Apartment,"Los Angeles, CA",30d+,"$2,950 - $4,025 (Landlord est.)"
Brightwater Flats,4.0,2 bed 2 bath,"Farmington Hills, MI",30d+,"$1,300 - $1,475 (Landlord est.)"
"The Yards at Ohio River, Tower A",,Micro Studio,"Ithaca, NY",30d+,"$750 - $1,050 (RentPulse est.)"
The Rowan,,1 Bed / 1 Bath,"Columbus, OH",16d,"$1,000 - $1,200 (Landlord est.)"
Mill District Lofts,3.2,1BR,"Miami, FL",2d,"$1,650 - $2,175 (RentPulse est.)"
Sunset Ridge Apartments,4.2,4 Bed / 2 Bath,"Cleveland, OH",30d+,
The Sterling,,2 Bedroom - Washer/Dryer in Unit,"Ithaca, NY",1d,"$1,175 - $1,725 (RentPulse est.)"
Rosewood Terrace,3.7,"One Bed, One Bath","Scranton, PA",30d+,
The Hadley,3.4,1 Bedroom - Upgraded Finishes,United States,30d+,"$1,100 - $1,275 (Landlord est.)"
"Pinnacle Living, Inc.",4.2,1 Bed/1 Bath (Corner Unit),"Boise, ID",2d,"$1,200 - $1,700 (RentPulse est.)"
The Fairmount,3.9,1BR/1BA,"Seattle, WA",7d,"$1,600 - $2,200 (Landlord est.)"
Brookside Manor,2.8,"Three Bed, Two Bath",Dallas-Fort Worth,30d+,"$1,675 - $2,075 (RentPulse est.)"
The Overlook at Shadyside,4.7,1 Bed / 1 Bath - Renovated,"State College, PA",30d+,"$925 - $1,275 (Landlord est.)"
Rosewood Terrace,2.9,1 Bedroom Garden Level,Inland Empire,10d,"$1,375 - $1,650 (RentPulse est.)"
The Windermere,3.7,One Bedroom Apartment Home,"San Francisco, CA",3d,"$2,225 - $2,575 (RentPulse est.)"
The Ardmore,2.6,2BD/2BA,"Boise, ID",21d,"$1,450 - $1,625 (Landlord est.)"
Maple Grove Commons,3.4,One Bedroom / One Bath,"Aguadilla, PR",3d,
The Hadley,4.2,2BD/2BA,"Milwaukee, WI",16d,"$1,150 - $1,625 (Landlord est.)"
Cedar Ridge Village,3.0,One Bedroom Apartment Home,"Richmond, VA",30d+,"$950 - $1,400 (RentPulse est.)"
Copperfield Commons,3.5,"One Bed, One Bath",United States,6d,"$1,225 - $1,350 (Landlord est.)"
Crestline Apartments,4.0,Two Bedroom Apartment Home,"Phoenix, AZ",10d,"$1,525 - $1,675 (Landlord est.)"
Greenway Crossing,4.4,1 Bed/1 Bath (Corner Unit),"Omaha, NE",30d+,"$1,025 - $1,175 (Landlord est.)"
Foxwood Crossing,3.1,3BD/2BA,"Birmingham, AL",9d,"$1,500 - $2,175 (RentPulse est.)"
The Merchant Lofts,,4 bed 2 bath,"Seattle, WA",20d,"$3,300 - $4,700 (Landlord est.)"
"The Yards at Ohio River, Tower A",,3 Bed / 2.5 Bath,"Chicago, IL",9d,"$1,825 - $2,075 (Landlord est.)"
Pebble Brook Village,,Three Bedroom,"Bakersfield, CA",10d,
The Sterling,4.3,TWO BEDROOM,"Seattle, WA",7d,"$2,200 - $3,175 (Landlord est.)"
Waterford Place,4.1,2 Bedroom Townhome,"Dayton, OH",9d,"$950 - $1,150 (Landlord est.)"
Cedar Ridge Village,4.7,1 Bedroom Loft,"Erie, PA",30d+,$700 - $925 (Landlord est.)
Spring Garden Commons,4.3,Studio Apartment,"New York, NY",1d,"$1,525 - $1,700 (Landlord est.)"
The Windermere,3.4,2 bed 2 bath,"Atlanta, GA",24d,"$1,450 - $2,075 (Landlord est.)"
"Crown Ridge Residential, LLC",4.0,1 Bed / 1 Bath,"Salt Lake City, UT",3d,"$1,325 - $1,700 (RentPulse est.)"
The Bellamy,4.0,2 bed 2 bath,"St. Louis, MO",30d+,"$1,200 - $1,775 (RentPulse est.)"
Brightwater Flats,2.9,Two Bedroom / Two Bath,"Providence, RI",3d,"$1,500 - $1,950 (RentPulse est.)"
Greenway Crossing,,1 Bedroom Apartment,Inland Empire,8d,"$1,200 - $1,625 (RentPulse est.)"
Riverbend Lofts,4.7,1BR/1BA,"Cary, NC",9d,"$1,275 - $1,900 (Landlord est.)"
Chestnut Hill Commons,4.9,2BR,"Portland, OR",6d,"$1,750 - $2,325 (RentPulse est.)"
The Hollis,4.3,3BD/2BA,"Houston, TX",8d,"$1,850 - $2,125 (RentPulse est.)"
Cedar Ridge Village,3.1,STUDIO,"Scranton, PA",1d,$725 - $900 (RentPulse est.)
The Landmark at Midtown,,3 bed 2 bath,"Richmond, VA",3d,"$1,550 - $2,200 (RentPulse est.)"
Rosewood Terrace,3.9,1BR/1BA,"Nashville, TN",30d+,"$1,375 - $1,725 (RentPulse est.)"
Oakhaven Apartments,3.5,4 Bedroom House,"Des Moines, IA",2d,"$1,800 - $2,575 (Landlord est.)"
Mill District Lofts,,3 Bed / 2 Bath,"Ithaca, NY",2d,"$1,650 - $2,325 (Landlord est.)"
"Sandalwood Apartments, South Campus",3.5,Two Bedroom,"Columbus, OH",5d,"$1,225 - $1,375 (Landlord est.)"
Pebble Brook Village,2.3,1 Bedroom Loft,"Albuquerque, NM",2d,"$850 - $1,200 (RentPulse est.)"
Waterford Place,4.9,2 Bedroom Townhome,"Aguadilla, PR",10d,"$950 - $1,050 (Landlord est.)"
Brightwater Flats,4.3,1BR,"Raleigh, NC",1d,
Barrett Square Apartments,3.2,2 Bed / 1 Bath,"Indianapolis, IN",10d,"$1,100 - $1,500 (Landlord est.)"
Sunset Ridge Apartments,4.1,2BR/2BA,"Aguadilla, PR",10d,"$825 - $1,200 (Landlord est.)"
The Windermere,3.7,3 Bed / 2 Bath,"Charlotte, NC",2d,"$1,750 - $2,450 (Landlord est.)"
The Dover,3.6,Two Bedroom,"Bloomington, IN",2d,"$1,200 - $1,675 (RentPulse est.)"
Meridian Court,3.0,Studio - Renovated,"Scranton, PA",5d,$725 - $875 (RentPulse est.)
The Merchant Lofts,3.4,2 bed 2 bath,"Dayton, OH",3d,"$925 - $1,250 (Landlord est.)"
Cypress Creek Village,4.1,2 Bedroom Apartment,"San Jose, CA",11d,"$2,400 - $3,325 (RentPulse est.)"
The Weatherby,,2 Bed / 1 Bath,"St. Louis, MO",12d,"$1,125 - $1,475 (Landlord est.)"
Pebble Brook Village,3.4,"Two Bed, Two Bath (Top Floor)","Boston, MA",26d,"$2,400 - $3,200 (Landlord est.)"
"Pinnacle Living, Inc.",3.6,2 Bedroom Apartment,"Miami, FL",30d+,
The Landmark at Midtown,2.3,5 Bed / 3 Bath,"Seattle, WA",4d,"$3,100 - $3,475 (Landlord est.)"
"The Grove at Erie, Building C",2.6,2 Bedroom - Washer/Dryer in Unit,"San Francisco, CA",2d,"$2,300 - $3,175 (Landlord est.)"
Vintage Brick Lofts,3.2,2BD/2BA,"Cleveland, OH",14d,"$1,300 - $1,575 (Landlord est.)"
The Sterling,,Five Bedroom House,"Boston, MA",5d,"$3,525 - $4,275 (Landlord est.)"
Summit House,3.7,Studio - Renovated,"Memphis, TN",16d,$700 - $950 (Landlord est.)
The Larkspur,4.4,2 Bed / 1.5 Bath,"Cleveland, OH",2d,
The Coventry,4.0,3BR/2.5BA,"Tampa, FL",8d,"$2,125 - $2,700 (RentPulse est.)"
Greenway Crossing,3.7,2BR/2BA,"Minneapolis, MN",8d,"$1,400 - $1,750 (RentPulse est.)"
The Rowan,3.6,One Bedroom / One Bath,"Pittsburgh, PA",7d,"$900 - $1,200 (Landlord est.)"
Harborview Commons,2.6,2 Bed / 2 Bath,Minneapolis-Saint Paul,4d,"$1,650 - $2,125 (RentPulse est.)"
The Carlisle,2.8,1 Bedroom - Upgraded Finishes,"San Diego, CA",30d+,"$1,750 - $2,200 (Landlord est.)"
The Weatherby,3.2,"Two Bed, Two Bath (Top Floor)","Denver, CO",30d+,"$1,625 - $2,250 (Landlord est.)"
Birchwood Estates,4.1,1BR/1BA,"Milwaukee, WI",9d,"$875 - $1,300 (Landlord est.)"
Brookside Manor,3.0,1 Bed / 1 Bath - Renovated,"Morgantown, WV",9d,"$850 - $1,250 (Landlord est.)"
"Crown Ridge Residential, LLC",3.6,Studio Apartment,"Morgantown, WV",12d,$725 - $950 (RentPulse est.)
The Juniper,4.2,One Bedroom / One Bath,"Phoenix, AZ",10d,"$1,100 - $1,275 (RentPulse est.)"
Kingsley Park Apartments,,studio,Minneapolis-Saint Paul,28d,"$1,075 - $1,275 (RentPulse est.)"
The Bellamy,3.0,STUDIO,"Little Rock, AR",3d,
Arbor Lane Apartments,2.6,Studio Apartment,"Bakersfield, CA",2d,"$875 - $1,300 (RentPulse est.)"
Rosewood Terrace,4.1,Two Bedroom Apartment Home,"Tucson, AZ",4d,"$1,200 - $1,575 (Landlord est.)"
Clearview Heights,3.8,4 Bed / 2 Bath,"Portland, OR",12d,"$2,375 - $3,200 (Landlord est.)"
The Rowan,4.0,One Bedroom Townhome,"Cary, NC",6d,"$1,025 - $1,325 (Landlord est.)"
Brookside Manor,,2BD/2BA,"Dallas, TX",12d,"$1,450 - $1,775 (Landlord est.)"
Union Yards,2.5,2 Bedroom Townhome,"St. Louis, MO",10d,"$1,050 - $1,500 (RentPulse est.)"
Arbor Lane Apartments,3.6,One Bedroom Apartment Home,"Indianapolis, IN",9d,"$925 - $1,325 (Landlord est.)"
"Pinnacle Living, Inc.",4.1,1 Bedroom Apartment,Greater Boston Area,20d,"$1,625 - $1,975 (Landlord est.)"
The Larkspur,4.4,4 Bed / 4 Bath - Student Housing,"Sacramento, CA",6d,"$2,825 - $3,300 (RentPulse est.)"
Greenway Crossing,4.2,Studio (Utilities Included),"Albuquerque, NM",14d,"$850 - $1,125 (Landlord est.)"
The Sterling,3.6,1 Bed / 1 Bath,"Spokane, WA",14d,"$900 - $1,050 (RentPulse est.)"
"Hartwell Properties, Inc.",3.5,1 Bed / 1 Bath,"Los Angeles, CA",2d,
Quarry Hill Apartments,4.6,1 Bed / 1 Bath,"Aguadilla, PR",3d,"$750 - $1,000 (RentPulse est.)"
Fieldstone Commons,2.8,1 bed 1 bath,"Reno, NV",6d,"$1,225 - $1,800 (Landlord est.)"
Spring Garden Commons,4.5,One Bedroom / One Bath,"Houston, TX",8d,"$975 - $1,200 (RentPulse est.)"
Brookside Manor,4.6,1 Bed / 1 Bath + Den,"Denver, CO",28d,"$1,300 - $1,600 (RentPulse est.)"
Canal Street Flats,,TWO BEDROOM,"Colorado Springs, CO",20d,"$1,250 - $1,575 (Landlord est.)"
Spring Garden Commons,4.1,3BR/2BA,"Morgantown, WV",2d,"$1,300 - $1,725 (Landlord est.)"
The Coventry,4.3,1 Bed / 1.5 Bath,"Richmond, VA",30d+,"$1,075 - $1,550 (Landlord est.)"
Autumn Ridge Apartments,4.2,2 Bed / 1.5 Bath,"Fresno, CA",30d+,"$1,525 - $2,175 (Landlord est.)"
Greenway Crossing,4.4,3 Bedroom Townhouse,"Alpharetta, GA",1d,"$1,700 - $2,200 (Landlord est.)"
The Beacon on Main,3.6,2BD/2BA,"St. Louis, MO",30d+,"$1,025 - $1,350 (Landlord est.)"
The Ellsworth,4.7,Junior Studio,"Athens, GA",30d+,
Hawthorne Place,3.9,Studio,"Phoenix, AZ",9d,"$1,000 - $1,400 (RentPulse est.)"
The Alder,3.5,3BR/2BA,"Phoenix, AZ",10d,"$2,175 - $2,650 (Landlord est.)"
Kingsley Park Apartments,3.3,Efficiency,"Akron, OH",9d,$700 - $925 (Landlord est.)
Cypress Creek Village,3.0,3BD/2BA,"Toledo, OH",3d,"$1,375 - $1,900 (RentPulse est.)"
The Juniper,4.8,3 Bedroom House,"Dallas, TX",6d,"$1,800 - $2,000 (Landlord est.)"
The Carlisle,3.9,One Bedroom,Greater Boston Area,10d,"$1,550 - $2,250 (Landlord est.)"
"Lakeview Commons, Phase II",3.1,1 Bedroom - Upgraded Finishes,"Bakersfield, CA",30d+,"$1,150 - $1,475 (RentPulse est.)"
Vintage Brick Lofts,3.1,1BR/1BA,"Houston, TX",8d,"$1,125 - $1,550 (Landlord est.)"
The Overlook at Shadyside,2.8,Studio (Utilities Included),"Atlanta, GA",9d,"$1,050 - $1,275 (RentPulse est.)"
The Paxton,4.1,STUDIO,"Sacramento, CA",2d,"$1,125 - $1,350 (Landlord est.)"
The Beacon on Main,4.1,2BR/2BA,"Manassas, VA",16d,"$1,900 - $2,575 (RentPulse est.)"
Pinecrest Gardens,4.3,Efficiency,"Atlanta, GA",3d,"$875 - $1,175 (Landlord est.)"
Sunset Ridge Apartments,2.8,2 Bedroom Apartment,"Philadelphia, PA",3d,"$1,550 - $1,950 (Landlord est.)"
Brookside Manor,3.3,3 Bedroom House,"Sacramento, CA",30d+,"$2,400 - $2,950 (RentPulse est.)"
Foxwood Crossing,3.3,4BR/4BA (Per Bed Lease),"Fort Wayne, IN",3d,"$1,475 - $1,725 (RentPulse est.)"
Canal Street Flats,3.9,2 Bed / 1 Bath,"Manassas, VA",30d+,
Kingsley Park Apartments,4.8,Two Bedroom Apartment Home,Multiple Locations,2d,"$1,450 - $2,075 (RentPulse est.)"
Thistlewood Commons,3.4,"2 Bed, 2 Bath, Den",,12d,"$1,275 - $1,900 (Landlord est.)"
The Paxton,4.9,Micro Studio,"Boston, MA",3d,"$1,425 - $1,725 (RentPulse est.)"
Mill District Lofts,4.2,Two Bedroom / Two Bath,"Memphis, TN",13d,
The Whitmore,3.0,1 Bedroom Loft,"Pittsburgh, PA",2d,"$900 - $1,050 (Landlord est.)"
Hawthorne Place,,3 Bed / 2 Bath,"Orlando, FL",4d,"$1,900 - $2,700 (Landlord est.)"
Brightwater Flats,4.4,"One Bed, One Bath","Erie, PA",4d,"$725 - $1,000 (RentPulse est.)"
Greenway Crossing,3.7,3 Bedroom Apartment,"Reno, NV",30d+,
The Sterling,4.0,1BR/1BA,"Philadelphia, PA",3d,"$1,150 - $1,475 (Landlord est.)"
The Beacon on Main,3.2,Studio (Utilities Included),"Richmond, VA",1d,"$950 - $1,125 (Landlord est.)"
Highland Row,3.2,2 Bed / 1 Bath,"Alpharetta, GA",4d,"$1,725 - $2,125 (Landlord est.)"
The Overlook at Shadyside,4.0,Two Bedroom,Minneapolis-Saint Paul,10d,"$1,300 - $1,450 (Landlord est.)"
Brookside Manor,4.2,2 Bedroom Apartment,"Madison, WI",2d,"$1,525 - $1,675 (RentPulse est.)"
The Juniper,4.2,3 Bedroom House,"New York, NY",30d+,"$2,750 - $3,425 (Landlord est.)"
Kingsley Park Apartments,3.3,2 bed 2 bath,"State College, PA",30d+,"$1,450 - $2,125 (Landlord est.)"
Spring Garden Commons,4.0,Three Bedroom,"Madison, WI",30d+,"$1,925 - $2,575 (Landlord est.)"
The Ellsworth,,One Bedroom Townhome,"Minneapolis, MN",5d,
The Landmark at Midtown,4.1,1 Bedroom - Upgraded Finishes,"Las Vegas, NV",3d,"$1,000 - $1,125 (RentPulse est.)"
Greenway Crossing,3.3,3 Bedroom Apartment,"Aguadilla, PR",4d,"$1,075 - $1,275 (Landlord est.)"
Harborview Commons,4.3,1 Bed / 1 Bath - Renovated,"Athens, GA",30d+,"$975 - $1,450 (Landlord est.)"
"The Grove at Erie, Building C",3.1,1 Bed / 1 Bath - Renovated,"Madison, WI",30d+,"$1,200 - $1,375 (Landlord est.)"
The Rowan,4.1,4 Bedroom House,"Raleigh, NC",11d,"$2,125 - $2,450 (Landlord est.)"
The Juniper,4.1,One Bedroom / One Bath,"Ann Arbor, MI",12d,"$1,075 - $1,200 (Landlord est.)"
The Ardmore,4.2,1 Bedroom Apartment,"Toledo, OH",2d,
,2.6,2BR/1BA,"Seattle, WA",13d,"$1,975 - $2,850 (RentPulse est.)"
The Merchant Lofts,4.1,TWO BEDROOM,"Las Vegas, NV",1d,"$1,325 - $1,650 (Landlord est.)"
The Weatherby,3.3,1 Bedroom - Upgraded Finishes,"Birmingham, AL",3d,"$775 - $1,075 (Landlord est.)"
The Whitmore,4.6,One Bedroom Apartment Home,"Madison, WI",11d,"$1,225 - $1,725 (Landlord est.)"
Hawthorne Place,2.7,1BR,"Ithaca, NY",10d,"$925 - $1,375 (RentPulse est.)"
Clearview Heights,3.7,TWO BEDROOM,"Providence, RI",7d,
Meridian Court,4.1,One Bedroom,"Boise, ID",16d,
"The Grove at Erie, Building C",3.9,1BR/1BA,,30d+,
The Overlook at Shadyside,3.9,Two Bedroom Apartment Home,"Madison, WI",30d+,"$1,200 - $1,475 (RentPulse est.)"
Sunset Ridge Apartments,4.2,1 bed 1 bath,"San Francisco, CA",2d,"$1,925 - $2,725 (RentPulse est.)"
Verdant Square,3.7,1 Bed / 1 Bath - Renovated,"Manassas, VA",8d,"$1,550 - $2,150 (Landlord est.)"
Parkview Terrace,3.6,3 Bed / 2 Bath,"Milwaukee, WI",9d,"$1,675 - $2,075 (Landlord est.)"
"The Grove at Erie, Building C",3.5,Two Bedroom,"Las Vegas, NV",30d+,"$1,500 - $2,025 (Landlord est.)"
Verdant Square,4.8,3 Bed / 2.5 Bath,"Las Vegas, NV",30d+,"$2,000 - $2,500 (Landlord est.)"
The Hollis,3.9,studio,"St. Louis, MO",8d,$700 - $900 (RentPulse est.)
The Sterling,4.6,1BR,"New York, NY",14d,"$2,150 - $2,625 (RentPulse est.)"
The Landmark at Midtown,3.3,2 bed 2 bath,"Tucson, AZ",5d,"$1,250 - $1,375 (Landlord est.)"
Verdant Square,4.1,Studio Apartment,"Boise, ID",11d,"$825 - $1,000 (RentPulse est.)"
The Merchant Lofts,4.1,2 Bedroom Townhome,"Salt Lake City, UT",30d+,"$1,300 - $1,450 (Landlord est.)"
Thistlewood Commons,3.8,Three Bedroom Townhome,"Dallas, TX",12d,"$1,875 - $2,375 (RentPulse est.)"
"Sandalwood Apartments, South Campus",3.1,3 Bedroom Townhouse,"Tampa, FL",5d,"$1,950 - $2,450 (Landlord est.)"
"The Grove at Erie, Building C",3.4,Five Bedroom House,"Washington, DC",6d,"$3,075 - $3,500 (Landlord est.)"
Autumn Ridge Apartments,3.9,Studio,"Chicago, IL",4d,"$1,050 - $1,350 (RentPulse est.)"
The Windermere,3.4,3 bed 2 bath,"Sacramento, CA",6d,"$2,175 - $3,000 (RentPulse est.)"
Bayside Apartment Homes,3.8,Two Bedroom,"Reno, NV",1d,"$1,500 - $1,800 (Landlord est.)"
Meridian Court,4.2,2BR,"Chattanooga, TN",8d,
Spring Garden Commons,2.7,Two Bedroom / Two Bath,"Raleigh, NC",3d,"$1,525 - $1,775 (Landlord est.)"
Vintage Brick Lofts,3.1,"Two Bed, Two Bath (Top Floor)","Salt Lake City, UT",6d,"$1,325 - $1,825 (Landlord est.)"
The Juniper,3.6,2 bed 2 bath,"San Francisco, CA",8d,"$2,525 - $3,100 (Landlord est.)"
The Coventry,3.2,1 Bed / 1 Bath - Renovated,"Phoenix, AZ",6d,
Greenway Crossing,3.5,2 bed 2 bath,Inland Empire,30d+,"$1,725 - $2,225 (Landlord est.)"
"Beacon Residential Group, LLC",4.6,3BD/2BA,"Fresno, CA",30d+,"$1,625 - $2,000 (Landlord est.)"
The Ashford,3.2,"One Bed, One Bath","San Francisco, CA",2d,
Fieldstone Commons,3.3,3 Bed / 2 Bath,"Akron, OH",7d,
The Ardmore,,One Bedroom / One Bath,"Houston, TX",6d,"$1,200 - $1,325 (Landlord est.)"
Lakeshore Landing,4.2,Two Bedroom,"Little Rock, AR",2d,"$1,075 - $1,250 (RentPulse est.)"
Ironworks Lofts,4.8,2 Bedroom Townhome,,12d,"$1,500 - $2,150 (Landlord est.)"
"Beacon Residential Group, LLC",3.3,"Two Bed, Two Bath (Top Floor)","Sacramento, CA",24d,"$1,725 - $1,975 (Landlord est.)"
"Crown Ridge Residential, LLC",4.1,2 Bed / 1.5 Bath,"Providence, RI",4d,"$1,500 - $1,975 (Landlord est.)"
Quarry Hill Apartments,,3 Bedroom House,"Chicago, IL",2d,"$1,950 - $2,625 (RentPulse est.)"
Stonebridge Village,4.6,2BD/2BA,"Farmington Hills, MI",3d,"$1,150 - $1,475 (Landlord est.)"
Meridian Court,4.1,"2 Bed, 2 Bath, Den","Fort Wayne, IN",4d,"$1,050 - $1,300 (Landlord est.)"
Bayside Apartment Homes,3.0,3BR/2BA,"San Francisco, CA",2d,"$3,250 - $3,850 (Landlord est.)"
Arbor Lane Apartments,,One Bedroom,"Milwaukee, WI",12d,
The Paxton,,Studio Apartment,"Kansas City, MO",2d,
The Windermere,,1BD/1BA,"Sacramento, CA",4d,"$1,425 - $2,100 (RentPulse est.)"
Rosewood Terrace,3.2,1 Bed / 1.5 Bath,"Salt Lake City, UT",1d,
The Coventry,,Studio Loft,"Denver, CO",16d,"$975 - $1,150 (Landlord est.)"
Emerald Bay Apartments,3.2,1 Bedroom Loft,"New York, NY",2d,
Mill District Lofts,4.1,2 Bed / 1.5 Bath,"New York, NY",12d,"$2,350 - $2,675 (Landlord est.)"
The Alder,2.9,3 Bed / 2 Bath,"Little Rock, AR",1d,"$1,375 - $1,775 (RentPulse est.)"
The Windermere,2.6,1 bed 1 bath,"State College, PA",10d,$875 - $950 (Landlord est.)
The Rowan,4.1,Studio,"Chattanooga, TN",30d+,$700 - $850 (RentPulse est.)
Pinecrest Gardens,3.3,1BD/1BA,Research Triangle,14d,"$1,000 - $1,400 (RentPulse est.)"
Prospect Point Flats,3.7,2 Bedroom - Washer/Dryer in Unit,"Indianapolis, IN",3d,"$1,275 - $1,450 (Landlord est.)"
The Larkspur,3.1,1BD/1BA,"Ithaca, NY",13d,
Prospect Point Flats,4.9,3 Bedroom Townhouse,"Minneapolis, MN",12d,"$1,875 - $2,475 (Landlord est.)"
Rosewood Terrace,3.9,Studio Apartment,"Bloomington, IN",30d+,$650 - $900 (Landlord est.)
"The Yards at Ohio River, Tower A",4.2,2BR/2BA,"Houston, TX",30d+,"$1,375 - $1,825 (RentPulse est.)"
Crestline Apartments,4.4,1 Bedroom Loft,"Buffalo, NY",4d,"$1,000 - $1,225 (Landlord est.)"
Sycamore Court,2.8,3 Bed / 2 Bath - Garage Included,"Providence, RI",3d,"$1,825 - $2,025 (RentPulse est.)"
The Larkspur,,"Two Bed, Two Bath (Top Floor)","Milwaukee, WI",30d+,"$1,250 - $1,625 (Landlord est.)"
Fern Hollow Apartments,4.1,2BR/2BA,"Albuquerque, NM",30d+,"$1,100 - $1,300 (Landlord est.)"
Foxwood Crossing,3.0,Four Bedroom Townhome,"Chicago, IL",10d,
Union Yards,,One Bedroom / One Bath,"Cary, NC",30d+,"$1,175 - $1,475 (RentPulse est.)"
Verdant Square,4.7,One Bedroom Apartment Home,"Louisville, KY",26d,"$850 - $1,075 (RentPulse est.)"
Brightwater Flats,3.9,3 Bed / 2.5 Bath,"San Jose, CA",9d,
Sunset Ridge Apartments,3.3,2 Bedroom Apartment,"Akron, OH",3d,"$1,050 - $1,450 (Landlord est.)"
Rosewood Terrace,4.0,1 bed 1 bath,"Madison, WI",4d,"$1,075 - $1,475 (Landlord est.)"
Barrett Square Apartments,4.1,2BR/2BA,"Tampa, FL",2d,"$1,650 - $1,975 (Landlord est.)"
The Ashford,4.6,"Two Bed, Two Bath (Top Floor)","Alpharetta, GA",10d,"$1,650 - $1,850 (Landlord est.)"
Spring Garden Commons,,1BR,"Akron, OH",5d,"$825 - $1,100 (RentPulse est.)"
Quarry Hill Apartments,2.7,2 Bed / 2 Bath - Renovated,"Dallas, TX",3d,
Crestline Apartments,,1 Bedroom - Upgraded Finishes,"Miami, FL",3d,"$1,675 - $2,400 (RentPulse est.)"
Ironworks Lofts,3.1,1BR/1BA,"Boston, MA",2d,"$1,875 - $2,400 (Landlord est.)"
Prospect Point Flats,4.3,One Bedroom Apartment Home,"New Orleans, LA",30d+,
"Hartwell Properties, Inc.",3.1,2 Bed / 2 Bath,"San Diego, CA",4d,"$1,950 - $2,625 (RentPulse est.)"
Quarry Hill Apartments,3.6,Five Bedroom House,"Louisville, KY",2d,"$1,825 - $2,650 (Landlord est.)"
The Hollis,3.8,One Bedroom Townhome,"Wichita, KS",8d,
The Bellamy,4.3,2 Bedroom - Washer/Dryer in Unit,"Raleigh, NC",1d,
Copperfield Commons,4.1,2 Bed / 1 Bath,"Birmingham, AL",3d,"$1,000 - $1,175 (RentPulse est.)"
Trailside at Fox Run,3.0,Studio,"Farmington Hills, MI",1d,$700 - $950 (Landlord est.)
Wexford Place,,2 bed 2 bath,"San Jose, CA",16d,"$2,175 - $2,925 (RentPulse est.)"
"Hartwell Properties, Inc.",3.6,1 Bed/1 Bath (Corner Unit),"Colorado Springs, CO",1d,"$975 - $1,150 (RentPulse est.)"
Vintage Brick Lofts,4.2,Five Bedroom House,"Milwaukee, WI",28d,"$1,925 - $2,725 (RentPulse est.)"
"Sandalwood Apartments, South Campus",3.5,Three Bedroom,"Ithaca, NY",2d,"$1,525 - $1,875 (RentPulse est.)"
Chestnut Hill Commons,4.2,4 Bed / 4 Bath - Student Housing,"Wichita, KS",30d+,"$1,400 - $1,600 (Landlord est.)"
The Ashford,3.9,1BR/1BA,"Bakersfield, CA",30d+,
Clearview Heights,2.8,Studio / Open Floor Plan,"San Diego, CA",4d,"$1,175 - $1,675 (Landlord est.)"
Verdant Square,3.8,Efficiency,Multiple Locations,30d+,"$1,000 - $1,450 (RentPulse est.)"
Union Yards,4.0,3 Bed / 2.5 Bath,"San Francisco, CA",10d,"$2,800 - $3,800 (RentPulse est.)"
"The Grove at Erie, Building C",4.2,Two Bedroom Apartment Home,"Raleigh, NC",30d+,"$1,400 - $1,900 (Landlord est.)"
Arbor Lane Apartments,4.6,One Bedroom / One Bath,"Cary, NC",30d+,"$1,125 - $1,375 (Landlord est.)"
Clearview Heights,,Studio Loft,"San Francisco, CA",7d,"$1,500 - $1,925 (RentPulse est.)"
Union Yards,3.6,1BD/1BA,"San Jose, CA",20d,
Highland Row,3.8,3 Bedroom Townhouse,"Richmond, VA",30d+,
The Ardmore,2.6,"One Bed, One Bath",Research Triangle,10d,"$1,175 - $1,525 (Landlord est.)"
Mill District Lofts,3.0,2BR/1BA,"Charlotte, NC",1d,"$1,375 - $1,550 (Landlord est.)"
Clearview Heights,,2 Bedroom Duplex,"Ithaca, NY",1d,"$1,375 - $1,775 (RentPulse est.)"
Wexford Place,,2 Bedroom Apartment,"Boston, MA",30d+,"$2,175 - $2,650 (Landlord est.)"
The Windermere,4.2,2 Bed / 1.5 Bath,"Orlando, FL",2d,"$1,650 - $2,200 (Landlord est.)"
The Hollis,4.1,1 Bed / 1 Bath + Den,"Portland, OR",30d+,
Highland Row,2.8,2 Bed / 1 Bath,"Milwaukee, WI",2d,
The Ellsworth,3.0,2 Bed / 2 Bath - Renovated,"Akron, OH",3d,"$1,100 - $1,225 (Landlord est.)"
The Marigold,4.2,Two Bedroom / Two Bath,"New York, NY",5d,"$2,325 - $2,650 (Landlord est.)"
Autumn Ridge Apartments,2.5,2BR/1BA,"Philadelphia, PA",3d,"$1,600 - $1,850 (Landlord est.)"
Autumn Ridge Apartments,3.4,1 Bed/1 Bath (Corner Unit),"Alpharetta, GA",5d,"$1,225 - $1,725 (Landlord est.)"
Pebble Brook Village,3.5,2 Bed / 1 Bath,"Louisville, KY",2d,"$1,100 - $1,275 (Landlord est.)"
The Juniper,3.9,Three Bedroom,"Wichita, KS",2d,"$1,425 - $1,850 (RentPulse est.)"
Pebble Brook Village,4.5,1 Bed / 1.5 Bath,"Minneapolis, MN",4d,"$1,125 - $1,600 (RentPulse est.)"
Crestline Apartments,3.9,2BR/2BA,"San Diego, CA",2d,"$1,975 - $2,350 (RentPulse est.)"
The Alder,2.9,1 bed 1 bath,"San Jose, CA",11d,
Hawthorne Place,4.2,2 Bedroom Apartment,"Providence, RI",3d,"$1,600 - $2,150 (RentPulse est.)"
Waterford Place,,Junior Studio,"Kansas City, MO",30d+,
Bayside Apartment Homes,4.4,Two Bedroom / Two Bath,"Pittsburgh, PA",2d,"$1,400 - $1,875 (Landlord est.)"
The Dover,4.7,1BD/1BA,"Hartford, CT",20d,"$1,175 - $1,400 (Landlord est.)"
Parkview Terrace,3.6,2 Bedroom Townhome,"Cleveland, OH",13d,"$1,025 - $1,325 (Landlord est.)"
Silverleaf Apartments,,1 Bedroom Apartment,"Chattanooga, TN",3d,"$950 - $1,300 (RentPulse est.)"
"The Grove at Erie, Building C",2.8,2 Bedroom - Washer/Dryer in Unit,"Washington, DC",24d,"$2,200 - $3,025 (Landlord est.)"
Brightwater Flats,4.3,1 Bed / 1 Bath + Den,"Charlotte, NC",2d,"$1,250 - $1,625 (RentPulse est.)"
The Ellsworth,3.2,2 Bed / 1 Bath,"Kansas City, MO",1d,"$1,225 - $1,725 (Landlord est.)"
The Landmark at Midtown,2.7,Three Bedroom Townhome,"Cleveland, OH",1d,"$1,600 - $1,850 (Landlord est.)"
Maple Grove Commons,3.5,1 Bedroom Loft,"Denver, CO",30d+,
Northgate Apartment Homes,3.9,1BR,"Albuquerque, NM",30d+,"$825 - $1,150 (Landlord est.)"
Kingsley Park Apartments,4.0,Efficiency,"Farmington Hills, MI",6d,
Meridian Court,3.0,1 Bed / 1 Bath + Den,"Milwaukee, WI",20d,
The Marigold,2.8,1 bed 1 bath,"Bloomington, IN",3d,"$875 - $1,250 (RentPulse est.)"
The Merchant Lofts,3.7,4 bed 2 bath,"Tampa, FL",13d,"$2,450 - $3,550 (Landlord est.)"
"Sandalwood Apartments, South Campus",3.1,2BR/1BA,"Memphis, TN",30d+,"$1,175 - $1,375 (Landlord est.)"
The Ardmore,3.5,One Bedroom Apartment Home,"Atlanta, GA",1d,"$1,175 - $1,450 (RentPulse est.)"
Summit House,3.7,3BR/2.5BA,"Los Angeles, CA",1d,"$2,350 - $3,175 (Landlord est.)"
Clearview Heights,3.9,2 Bedroom - Washer/Dryer in Unit,"Miami, FL",6d,"$1,800 - $2,375 (RentPulse est.)"
The Ashford,3.3,4BR/4BA (Per Bed Lease),Research Triangle,1d,"$2,050 - $2,675 (Landlord est.)"
The Larkspur,4.4,Studio / Open Floor Plan,"Wichita, KS",1d,$725 - $825 (Landlord est.)
Cedar Ridge Village,4.8,1 Bed / 1 Bath - Renovated,"Chattanooga, TN",1d,"$950 - $1,250 (Landlord est.)"
The Windermere,3.4,2 Bed / 1.5 Bath,"Fort Wayne, IN",30d+,"$1,175 - $1,350 (Landlord est.)"
Thistlewood Commons,3.6,One Bedroom Apartment Home,"Little Rock, AR",30d+,"$875 - $1,025 (RentPulse est.)"
The Marigold,3.1,3 Bed / 2 Bath - Garage Included,"Ann Arbor, MI",3d,"$1,825 - $2,025 (Landlord est.)"
The Ardmore,3.4,1 bed 1 bath,"Miami, FL",3d,"$1,625 - $2,075 (Landlord est.)"
The Carlisle,3.1,2 Bed / 2 Bath,"Scranton, PA",3d,"$1,150 - $1,400 (Landlord est.)"
The Dover,4.7,Two Bedroom,"Memphis, TN",1d,
Harborview Commons,4.6,Two Bedroom Apartment Home,"Orlando, FL",21d,"$1,450 - $1,725 (Landlord est.)"
Sunset Ridge Apartments,4.0,TWO BEDROOM,"Aguadilla, PR",30d+,"$925 - $1,375 (RentPulse est.)"
Lakeshore Landing,,One Bedroom / One Bath,"Tampa, FL",30d+,"$1,325 - $1,675 (Landlord est.)"
Northgate Apartment Homes,3.6,1BR/1BA,"Farmington Hills, MI",30d+,"$850 - $1,050 (Landlord est.)"
Spring Garden Commons,4.0,1 Bed / 1 Bath,"Sacramento, CA",1d,"$1,375 - $1,775 (RentPulse est.)"
Maple Grove Commons,,Two Bedroom / Two Bath,"Scranton, PA",30d+,"$1,075 - $1,325 (RentPulse est.)"
The Marigold,4.0,Three Bedroom,"Scranton, PA",2d,"$1,375 - $1,550 (RentPulse est.)"
Wexford Place,4.7,2 Bedroom - Washer/Dryer in Unit,"Miami, FL",7d,"$1,725 - $2,475 (RentPulse est.)"
"The Grove at Erie, Building C",3.7,2 Bed / 1 Bath,"Providence, RI",2d,"$1,875 - $2,475 (RentPulse est.)"
Bayside Apartment Homes,3.5,3 Bed / 2 Bath,"State College, PA",3d,"$1,400 - $1,775 (RentPulse est.)"
Fieldstone Commons,2.6,2BR/1BA,"Little Rock, AR",30d+,"$1,125 - $1,250 (RentPulse est.)"
Fern Hollow Apartments,3.0,2BR/2BA,"Atlanta, GA",8d,"$1,375 - $1,850 (RentPulse est.)"
The Carlisle,4.8,3BR/2.5BA,"Omaha, NE",2d,"$1,375 - $1,925 (RentPulse est.)"
The Tessera,4.6,3BD/2BA,"Raleigh, NC",12d,"$1,625 - $1,850 (Landlord est.)"
Sycamore Court,4.1,Five Bedroom House,"State College, PA",11d,
Foxwood Crossing,3.2,2 Bed / 2 Bath - Renovated,"New Orleans, LA",3d,"$1,375 - $2,025 (Landlord est.)"
Bayside Apartment Homes,3.0,1 Bedroom Garden Level,"Portland, OR",2d,"$1,350 - $1,800 (RentPulse est.)"
Autumn Ridge Apartments,3.5,1 Bedroom - Upgraded Finishes,United States,10d,"$1,150 - $1,500 (RentPulse est.)"
The Fairmount,,4BR/2BA,Dallas-Fort Worth,30d+,"$2,150 - $2,575 (RentPulse est.)"
The Fairmount,3.9,3 Bedroom Townhouse,"Portland, OR",16d,"$2,250 - $2,950 (RentPulse est.)"
Parkview Terrace,4.3,"One Bed, One Bath","Hartford, CT",30d+,"$1,225 - $1,525 (Landlord est.)"
Willow Creek Apartments,3.5,2 Bedroom Apartment,"Erie, PA",3d,
Kingsley Park Apartments,2.7,1 Bedroom - Upgraded Finishes,"Tampa, FL",10d,
Parkview Terrace,3.0,Three Bedroom Townhome,"Hartford, CT",30d+,"$2,000 - $2,225 (RentPulse est.)"
Stonebridge Village,,2 Bed / 1.5 Bath,"Austin, TX",7d,"$1,525 - $2,175 (Landlord est.)"
Union Yards,3.7,2BR/2BA,"Erie, PA",2d,"$925 - $1,150 (RentPulse est.)"
Granite Falls Apartments,3.8,1 Bed/1 Bath (Corner Unit),Dallas-Fort Worth,2d,"$1,050 - $1,250 (Landlord est.)"
The Windermere,4.5,One Bedroom Apartment Home,"Ann Arbor, MI",30d+,"$1,050 - $1,250 (Landlord est.)"
Station Square Residences,3.4,Two Bedroom Apartment Home,Multiple Locations,3d,"$1,700 - $2,200 (Landlord est.)"
Maple Grove Commons,3.9,2 Bed / 2 Bath - Renovated,"Akron, OH",10d,"$1,175 - $1,450 (Landlord est.)"
The Coventry,3.3,1BR/1BA,"St. Louis, MO",16d,
Waterford Place,2.7,2BR,"Buffalo, NY",10d,"$1,075 - $1,575 (Landlord est.)"
Spring Garden Commons,4.6,"One Bed, One Bath","Farmington Hills, MI",8d,"$1,100 - $1,450 (Landlord est.)"
Maple Grove Commons,4.5,1 bed 1 bath,"Providence, RI",10d,"$1,400 - $1,900 (RentPulse est.)"
Willow Creek Apartments,3.7,2 bed 2 bath,"Chattanooga, TN",8d,"$1,025 - $1,175 (Landlord est.)"
Fieldstone Commons,3.1,One Bedroom / One Bath,"Portland, OR",30d+,"$1,450 - $1,750 (Landlord est.)"
Northgate Apartment Homes,3.9,1 Bed / 1 Bath + Den,Inland Empire,3d,"$1,375 - $1,850 (Landlord est.)"
Lakeshore Landing,3.1,3 Bedroom Apartment,"Boston, MA",8d,
Station Square Residences,3.8,Micro Studio,"St. Louis, MO",5d,"$825 - $1,075 (Landlord est.)"
Waterford Place,4.3,3BR/2BA,"Ann Arbor, MI",2d,"$1,625 - $1,875 (Landlord est.)"
The Ardmore,,4BR/2BA,"Dayton, OH",7d,"$1,700 - $1,875 (RentPulse est.)"
"The Yards at Ohio River, Tower A",4.0,3 Bed / 2.5 Bath,"Memphis, TN",30d+,"$1,475 - $1,850 (Landlord est.)"
The Marigold,3.8,One Bedroom Townhome,"Little Rock, AR",3d,$725 - $975 (RentPulse est.)
The Carlisle,4.7,4BR/4BA (Per Bed Lease),"Indianapolis, IN",1d,"$2,000 - $2,700 (Landlord est.)"
Meridian Court,,Studio,"Farmington Hills, MI",30d+,"$750 - $1,050 (RentPulse est.)"
Thistlewood Commons,2.8,3 Bedroom Apartment,"Nashville, TN",7d,"$1,850 - $2,025 (Landlord est.)"
Thistlewood Commons,4.6,TWO BEDROOM,"Fresno, CA",2d,"$1,350 - $1,700 (Landlord est.)"
Cypress Creek Village,3.6,"2 Bed, 2 Bath, Den","Albuquerque, NM",5d,"$1,225 - $1,675 (Landlord est.)"
Brightwater Flats,3.6,2 Bedroom Apartment,"Dallas, TX",18d,
Cypress Creek Village,3.9,2 Bedroom Apartment,"Tampa, FL",11d,"$1,600 - $1,825 (Landlord est.)"
Wexford Place,2.1,2 Bed / 2 Bath,"Los Angeles, CA",4d,
"Beacon Residential Group, LLC",4.6,1 Bedroom - Upgraded Finishes,"New Orleans, LA",1d,"$1,175 - $1,525 (Landlord est.)"
"Sandalwood Apartments, South Campus",3.3,2 Bedroom Townhome,,4d,"$1,325 - $1,800 (Landlord est.)"
The Larkspur,3.6,5 Bed / 3 Bath,"Toledo, OH",30d+,"$1,700 - $1,875 (RentPulse est.)"
Mill District Lofts,3.7,1BD/1BA,"Los Angeles, CA",4d,"$1,675 - $2,025 (Landlord est.)"
"The Grove at Erie, Building C",3.1,1 Bed / 1 Bath + Den,"Scranton, PA",9d,"$925 - $1,200 (RentPulse est.)"
Cypress Creek Village,,2 Bed / 1 Bath,"New York, NY",1d,"$2,625 - $3,250 (Landlord est.)"
"Pinnacle Living, Inc.",4.1,Studio Apartment,Northern Virginia,1d,"$1,175 - $1,675 (Landlord est.)"
Sycamore Court,3.7,"One Bed, One Bath","San Francisco, CA",3d,"$1,800 - $2,225 (RentPulse est.)"
Oakhaven Apartments,4.6,3 Bedroom House,"Erie, PA",30d+,
The Rowan,,1BD/1BA,,3d,"$1,025 - $1,275 (Landlord est.)"
"The Yards at Ohio River, Tower A",4.6,One Bedroom,"Sacramento, CA",6d,"$1,275 - $1,775 (RentPulse est.)"
The Coventry,3.1,Three Bedroom,,14d,"$1,400 - $1,750 (Landlord est.)"
Prospect Point Flats,4.5,Junior Studio,"Athens, GA",28d,"$700 - $1,000 (Landlord est.)"
The Ardmore,3.8,1 bed 1 bath,"Milwaukee, WI",2d,"$950 - $1,350 (RentPulse est.)"
Union Yards,3.2,"2 Bed, 2 Bath, Den",United States,3d,"$1,500 - $1,650 (RentPulse est.)"
Maple Grove Commons,3.7,One Bedroom Townhome,"Portland, OR",30d+,"$1,325 - $1,500 (RentPulse est.)"
Wexford Place,3.4,4BR/4BA (Per Bed Lease),"Ithaca, NY",9d,"$1,825 - $2,325 (Landlord est.)"
Mill District Lofts,4.0,3 Bedroom Apartment,"Minneapolis, MN",20d,"$1,675 - $2,350 (Landlord est.)"
Maple Grove Commons,4.8,Five Bedroom House,"Miami, FL",9d,"$2,625 - $3,800 (Landlord est.)"
Autumn Ridge Apartments,4.4,2 Bed / 1.5 Bath,"Sacramento, CA",10d,"$1,900 - $2,525 (Landlord est.)"
Rosewood Terrace,4.0,Two Bedroom / Two Bath,"Indianapolis, IN",1d,"$1,300 - $1,775 (Landlord est.)"
Brightwater Flats,4.4,2BD/2BA,"Hartford, CT",14d,"$1,425 - $1,950 (RentPulse est.)"
The Ardmore,2.9,1 Bedroom Loft,"Houston, TX",2d,"$1,075 - $1,525 (Landlord est.)"
Barrett Square Apartments,,3 Bed / 2.5 Bath,"Ithaca, NY",9d,"$1,850 - $2,375 (RentPulse est.)"
The Dover,3.7,One Bedroom,"Buffalo, NY",6d,"$925 - $1,250 (RentPulse est.)"
Silverleaf Apartments,4.1,2BR,"Scranton, PA",5d,"$1,150 - $1,550 (Landlord est.)"
The Juniper,3.1,1 Bedroom Garden Level,"Columbus, OH",2d,"$1,075 - $1,225 (Landlord est.)"
Meridian Court,3.8,"Two Bed, Two Bath (Top Floor)","Columbus, OH",10d,"$1,425 - $1,925 (Landlord est.)"
Cedar Ridge Village,3.5,One Bedroom,"Bloomington, IN",5d,"$925 - $1,150 (Landlord est.)"
Rosewood Terrace,,2 Bedroom Apartment,"State College, PA",24d,"$1,125 - $1,350 (Landlord est.)"
The Weatherby,3.7,2 Bed / 2 Bath - Renovated,"Phoenix, AZ",30d+,"$1,750 - $2,425 (Landlord est.)"
Greenway Crossing,4.1,4BR/2BA,"Scranton, PA",30d+,"$1,550 - $2,075 (Landlord est.)"
The Tessera,4.1,1 Bedroom Apartment,"Nashville, TN",30d+,"$1,225 - $1,350 (Landlord est.)"
The Weatherby,4.3,1 Bed / 1 Bath + Den,"Chicago, IL",30d+,"$1,400 - $1,800 (Landlord est.)"
Birchwood Estates,3.9,2 Bed / 2 Bath - Renovated,"Chicago, IL",30d+,"$1,550 - $2,125 (RentPulse est.)"
Verdant Square,3.9,Efficiency / Studio,,30d+,"$875 - $1,050 (Landlord est.)"
Brookside Manor,,2BD/2BA,"Wichita, KS",28d,"$1,050 - $1,475 (RentPulse est.)"
Ironworks Lofts,4.8,3BR/2.5BA,"Houston, TX",20d,
Meridian Court,4.4,Five Bedroom House,"Ann Arbor, MI",14d,"$2,325 - $2,900 (Landlord est.)"
The Larkspur,3.6,4BR/4BA (Per Bed Lease),"Toledo, OH",2d,
The Tessera,4.0,1 bed 1 bath,"Minneapolis, MN",10d,"$1,200 - $1,425 (Landlord est.)"
The Weatherby,,3BR/2.5BA,United States,2d,"$1,950 - $2,650 (RentPulse est.)"
Thistlewood Commons,3.0,2 Bed / 1 Bath,"Seattle, WA",2d,"$2,025 - $2,650 (Landlord est.)"
Birchwood Estates,4.5,2 Bedroom Apartment,"Boston, MA",2d,"$1,950 - $2,575 (Landlord est.)"
Sycamore Court,3.4,Studio Loft,Research Triangle,2d,"$950 - $1,225 (RentPulse est.)"
The Dover,3.9,Efficiency,"Dayton, OH",1d,$675 - $875 (Landlord est.)
Trailside at Fox Run,2.7,3BR/2BA,"Atlanta, GA",2d,"$1,825 - $2,375 (Landlord est.)"
Vintage Brick Lofts,3.9,1 Bedroom Apartment,"Boise, ID",30d+,"$1,175 - $1,675 (RentPulse est.)"
"Hartwell Properties, Inc.",3.6,1 Bed / 1.5 Bath,"Colorado Springs, CO",4d,"$1,125 - $1,325 (RentPulse est.)"
The Larkspur,3.3,Studio (Utilities Included),"New York, NY",2d,"$1,750 - $2,275 (RentPulse est.)"
Fieldstone Commons,4.0,1 bed 1 bath,"Providence, RI",8d,"$1,200 - $1,575 (Landlord est.)"
Hawthorne Place,3.3,2 Bed / 2 Bath - Renovated,"Los Angeles, CA",4d,"$2,025 - $2,725 (RentPulse est.)"
Emerald Bay Apartments,2.2,1 Bed / 1 Bath,"Bloomington, IN",12d,"$1,025 - $1,375 (RentPulse est.)"
Emerald Bay Apartments,,Studio / Open Floor Plan,"Bloomington, IN",1d,
Kingsley Park Apartments,4.2,Junior Studio,"Toledo, OH",11d,$650 - $950 (RentPulse est.)
"The Grove at Erie, Building C",4.3,2 Bedroom Apartment,"Salt Lake City, UT",30d+,"$1,675 - $2,200 (RentPulse est.)"
The Dover,4.3,1 Bedroom Garden Level,"Dayton, OH",5d,$700 - $850 (RentPulse est.)
Pebble Brook Village,2.9,TWO BEDROOM,"Columbus, OH",2d,"$1,400 - $1,800 (RentPulse est.)"
Waterford Place,4.4,2 Bed / 2 Bath - Renovated,"Bakersfield, CA",6d,"$1,375 - $1,575 (Landlord est.)"
Tanglewood Apartments,4.3,3 bed 2 bath,"Portland, OR",9d,"$2,325 - $3,125 (Landlord est.)"
Silverleaf Apartments,4.4,Three Bedroom,"Sacramento, CA",5d,"$2,150 - $2,925 (Landlord est.)"
Northgate Apartment Homes,4.4,3BR/2.5BA,"Sacramento, CA",10d,"$2,375 - $3,075 (Landlord est.)"
The Beacon on Main,4.0,2 Bed / 1.5 Bath,"Hartford, CT",2d,"$1,475 - $1,650 (Landlord est.)"
Summit House,3.8,1BR/1BA,"Dallas, TX",3d,
The Juniper,4.0,Five Bedroom House,"Hartford, CT",30d+,"$2,400 - $3,375 (RentPulse est.)"
Quarry Hill Apartments,3.8,1 Bed/1 Bath (Corner Unit),"Las Vegas, NV",1d,
The Dover,3.5,Three Bedroom,"Ithaca, NY",4d,"$1,625 - $2,075 (RentPulse est.)"
Northgate Apartment Homes,4.2,One Bedroom / One Bath,"Tucson, AZ",20d,$825 - $975 (Landlord est.)
Oakhaven Apartments,3.4,Two Bedroom,"Indianapolis, IN",10d,"$1,175 - $1,325 (Landlord est.)"
Clearview Heights,4.6,"Two Bed, Two Bath (Top Floor)",Greater Boston Area,2d,"$2,350 - $3,275 (Landlord est.)"
Autumn Ridge Apartments,4.3,2 Bedroom Duplex,"Toledo, OH",5d,"$850 - $1,050 (Landlord est.)"
"Beacon Residential Group, LLC",2.9,Two Bedroom,"San Diego, CA",4d,"$2,325 - $3,325 (RentPulse est.)"
Prospect Point Flats,4.0,"Three Bed, Two Bath","Reno, NV",7d,"$1,950 - $2,400 (Landlord est.)"
"Hartwell Properties, Inc.",2.8,2BR/2BA,"Memphis, TN",10d,"$1,025 - $1,450 (RentPulse est.)"
The Windermere,4.1,"Two Bed, Two Bath (Top Floor)","Los Angeles, CA",3d,"$2,125 - $2,675 (Landlord est.)"
Quarry Hill Apartments,4.3,1 Bed / 1 Bath + Den,"Austin, TX",30d+,"$1,475 - $1,825 (RentPulse est.)"
The Weatherby,4.1,Studio / Open Floor Plan,Greater Boston Area,8d,"$1,500 - $1,650 (Landlord est.)"
The Hollis,3.7,2 Bed / 2 Bath - Renovated,"St. Louis, MO",30d+,"$1,100 - $1,475 (RentPulse est.)"
Waterford Place,2.5,1 Bedroom Loft,"Raleigh, NC",30d+,"$1,075 - $1,600 (Landlord est.)"
Greenway Crossing,2.3,3BR/2.5BA,"Omaha, NE",2d,"$1,350 - $1,550 (RentPulse est.)"
Verdant Square,3.3,One Bedroom / One Bath,"Toledo, OH",3d,"$750 - $1,075 (Landlord est.)"
The Alder,3.3,2 bed 2 bath,"Columbus, OH",30d+,"$1,350 - $1,725 (RentPulse est.)"
Foxwood Crossing,3.7,2BD/2BA,"Columbus, OH",30d+,"$1,125 - $1,575 (Landlord est.)"
Pinecrest Gardens,4.7,Two Bedroom Apartment Home,"Buffalo, NY",1d,"$1,125 - $1,250 (Landlord est.)"
"The Yards at Ohio River, Tower A",4.4,1BR/1BA,"Denver, CO",13d,
The Merchant Lofts,3.9,Four Bedroom Townhome,"Tucson, AZ",30d+,"$1,975 - $2,900 (Landlord est.)"
Pinecrest Gardens,3.7,Four Bedroom Townhome,"Chicago, IL",3d,"$2,925 - $3,775 (Landlord est.)"
Union Yards,4.1,5 Bed / 3 Bath,"Columbus, OH",30d+,"$2,050 - $2,475 (RentPulse est.)"
The Sterling,3.2,studio,"Little Rock, AR",9d,$675 - $775 (Landlord est.)
Canal Street Flats,4.1,4BR/4BA (Per Bed Lease),Dallas-Fort Worth,30d+,"$2,025 - $2,775 (RentPulse est.)"
Bayside Apartment Homes,3.4,2BR,"Little Rock, AR",3d,"$1,050 - $1,225 (RentPulse est.)"
The Coventry,4.6,2BR/2BA,"Farmington Hills, MI",9d,"$1,075 - $1,575 (RentPulse est.)"
Copperfield Commons,3.1,2 Bedroom Duplex,"Akron, OH",30d+,"$1,050 - $1,325 (RentPulse est.)"
Granite Falls Apartments,3.3,Studio - Renovated,"Boston, MA",20d,"$1,275 - $1,600 (RentPulse est.)"
